track_id,frame_id,timestamp_ms,agent_type,x,y,vx,vy
P1,1,100,pedestrian/bicycle,993.524,985.358,1.16,2.559
P1,2,200,pedestrian/bicycle,993.641,985.615,1.188,2.579
P1,3,300,pedestrian/bicycle,993.762,985.874,1.215,2.601
P1,4,400,pedestrian/bicycle,993.884,986.135,1.239,2.622
P1,5,500,pedestrian/bicycle,994.009,986.398,1.254,2.637
P1,6,600,pedestrian/bicycle,994.135,986.663,1.258,2.647
P1,7,700,pedestrian/bicycle,994.26,986.928,1.247,2.652
P1,8,800,pedestrian/bicycle,994.383,987.193,1.224,2.655
P1,9,900,pedestrian/bicycle,994.504,987.459,1.194,2.658
P1,10,1000,pedestrian/bicycle,994.622,987.725,1.165,2.668
P1,11,1100,pedestrian/bicycle,994.737,987.992,1.139,2.683
P1,12,1200,pedestrian/bicycle,994.85,988.262,1.113,2.699
P1,13,1300,pedestrian/bicycle,994.96,988.532,1.091,2.717
P1,14,1400,pedestrian/bicycle,995.069,988.805,1.077,2.74
P1,15,1500,pedestrian/bicycle,995.176,989.081,1.073,2.767
P1,16,1600,pedestrian/bicycle,995.284,989.359,1.075,2.795
P1,17,1700,pedestrian/bicycle,995.391,989.64,1.08,2.826
P1,18,1800,pedestrian/bicycle,995.5,989.924,1.085,2.858
P1,19,1900,pedestrian/bicycle,995.608,990.211,1.087,2.883
P1,20,2000,pedestrian/bicycle,995.717,990.5,1.089,2.896
P1,21,2100,pedestrian/bicycle,995.826,990.79,1.092,2.895
P1,22,2200,pedestrian/bicycle,995.935,991.079,1.096,2.891
P1,23,2300,pedestrian/bicycle,996.045,991.368,1.103,2.891
P1,24,2400,pedestrian/bicycle,996.156,991.657,1.11,2.9
P1,25,2500,pedestrian/bicycle,996.267,991.948,1.118,2.918
P1,26,2600,pedestrian/bicycle,996.38,992.241,1.128,2.945
P1,27,2700,pedestrian/bicycle,996.493,992.538,1.139,2.981
P1,28,2800,pedestrian/bicycle,996.607,992.838,1.149,3.02
P1,29,2900,pedestrian/bicycle,996.723,993.142,1.153,3.057
P1,30,3000,pedestrian/bicycle,996.837,993.449,1.142,3.086
P1,31,3100,pedestrian/bicycle,996.95,993.758,1.117,3.106
P1,32,3200,pedestrian/bicycle,997.06,994.07,1.086,3.118
P1,33,3300,pedestrian/bicycle,997.167,994.381,1.052,3.119
P1,34,3400,pedestrian/bicycle,997.271,994.693,1.021,3.111
P1,35,3500,pedestrian/bicycle,997.371,995.003,0.99,3.099
P1,36,3600,pedestrian/bicycle,997.469,995.313,0.959,3.085
P1,37,3700,pedestrian/bicycle,997.563,995.621,0.928,3.076
P1,38,3800,pedestrian/bicycle,997.655,995.928,0.898,3.075
P1,39,3900,pedestrian/bicycle,997.743,996.236,0.873,3.078
P1,40,4000,pedestrian/bicycle,997.829,996.544,0.851,3.082
P1,41,4100,pedestrian/bicycle,997.914,996.852,0.831,3.085
P1,42,4200,pedestrian/bicycle,997.996,997.161,0.811,3.09
P1,43,4300,pedestrian/bicycle,998.076,997.47,0.792,3.095
P1,44,4400,pedestrian/bicycle,998.154,997.78,0.771,3.098
P1,45,4500,pedestrian/bicycle,998.23,998.09,0.744,3.102
P1,46,4600,pedestrian/bicycle,998.303,998.4,0.714,3.103
P1,47,4700,pedestrian/bicycle,998.372,998.71,0.682,3.098
P1,48,4800,pedestrian/bicycle,998.439,999.019,0.651,3.085
P1,49,4900,pedestrian/bicycle,998.502,999.327,0.618,3.064
P1,50,5000,pedestrian/bicycle,998.563,999.632,0.586,3.039
P1,51,5100,pedestrian/bicycle,998.62,999.935,0.558,3.018
P1,52,5200,pedestrian/bicycle,998.675,1000.236,0.536,3.001
P1,53,5300,pedestrian/bicycle,998.727,1000.535,0.519,2.984
P1,54,5400,pedestrian/bicycle,998.779,1000.832,0.506,2.961
P1,55,5500,pedestrian/bicycle,998.829,1001.127,0.494,2.933
P1,56,5600,pedestrian/bicycle,998.877,1001.419,0.481,2.899
P1,57,5700,pedestrian/bicycle,998.925,1001.707,0.469,2.859
P1,58,5800,pedestrian/bicycle,998.971,1001.99,0.459,2.818
P1,59,5900,pedestrian/bicycle,999.017,1002.27,0.451,2.781
P1,60,6000,pedestrian/bicycle,999.062,1002.547,0.449,2.754
P1,61,6100,pedestrian/bicycle,999.107,1002.821,0.452,2.734
P1,62,6200,pedestrian/bicycle,999.153,1003.094,0.464,2.723
P1,63,6300,pedestrian/bicycle,999.2,1003.367,0.486,2.725
P1,64,6400,pedestrian/bicycle,999.25,1003.64,0.521,2.742
P1,65,6500,pedestrian/bicycle,999.305,1003.916,0.567,2.769
P1,66,6600,pedestrian/bicycle,999.364,1004.194,0.62,2.802
P1,67,6700,pedestrian/bicycle,999.429,1004.476,0.675,2.839
P1,68,6800,pedestrian/bicycle,999.499,1004.762,0.727,2.877
P1,69,6900,pedestrian/bicycle,999.574,1005.051,0.777,2.913
P1,70,7000,pedestrian/bicycle,999.654,1005.344,0.823,2.943
P1,71,7100,pedestrian/bicycle,999.739,1005.64,0.865,2.965
P1,72,7200,pedestrian/bicycle,999.827,1005.937,0.904,2.98
P1,73,7300,pedestrian/bicycle,999.919,1006.235,0.94,2.987
P1,74,7400,pedestrian/bicycle,1000.015,1006.534,0.979,2.988
P1,75,7500,pedestrian/bicycle,1000.115,1006.833,1.022,2.989
P1,76,7600,pedestrian/bicycle,1000.22,1007.132,1.069,2.994
P1,77,7700,pedestrian/bicycle,1000.329,1007.432,1.118,3.005
P1,78,7800,pedestrian/bicycle,1000.443,1007.733,1.169,3.021
P1,79,7900,pedestrian/bicycle,1000.563,1008.036,1.225,3.041
P1,80,8000,pedestrian/bicycle,1000.689,1008.341,1.287,3.063
P1,81,8100,pedestrian/bicycle,1000.821,1008.649,1.355,3.083
P1,82,8200,pedestrian/bicycle,1000.96,1008.958,1.425,3.1
P1,83,8300,pedestrian/bicycle,1001.106,1009.269,1.494,3.114
P1,84,8400,pedestrian/bicycle,1001.258,1009.581,1.556,3.127
P1,85,8500,pedestrian/bicycle,1001.416,1009.894,1.611,3.143
P1,86,8600,pedestrian/bicycle,1001.58,1010.209,1.652,3.161
P1,87,8700,pedestrian/bicycle,1001.746,1010.527,1.679,3.186
P1,88,8800,pedestrian/bicycle,1001.915,1010.847,1.696,3.217
P1,89,8900,pedestrian/bicycle,1002.085,1011.17,1.706,3.252
P1,90,9000,pedestrian/bicycle,1002.256,1011.497,1.706,3.289
P1,91,9100,pedestrian/bicycle,1002.426,1011.828,1.693,3.331
P1,92,9200,pedestrian/bicycle,1002.593,1012.164,1.666,3.375
P1,93,9300,pedestrian/bicycle,1002.758,1012.503,1.626,3.411
P1,94,9400,pedestrian/bicycle,1002.918,1012.845,1.578,3.436
P1,95,9500,pedestrian/bicycle,1003.073,1013.19,1.518,3.456
P1,96,9600,pedestrian/bicycle,1003.221,1013.537,1.449,3.475
P1,97,9700,pedestrian/bicycle,1003.362,1013.885,1.371,3.496
P1,98,9800,pedestrian/bicycle,1003.495,1014.236,1.286,3.524
P1,99,9900,pedestrian/bicycle,1003.619,1014.59,1.198,3.555
P1,100,10000,pedestrian/bicycle,1003.735,1014.947,1.105,3.585
P1,101,10100,pedestrian/bicycle,1003.84,1015.307,1.013,3.616
P1,102,10200,pedestrian/bicycle,1003.937,1015.67,0.926,3.65
P1,103,10300,pedestrian/bicycle,1004.026,1016.037,0.845,3.691
P1,104,10400,pedestrian/bicycle,1004.107,1016.409,0.772,3.737
P1,105,10500,pedestrian/bicycle,1004.181,1016.785,0.707,3.786
P1,106,10600,pedestrian/bicycle,1004.249,1017.166,0.65,3.832
P1,107,10700,pedestrian/bicycle,1004.311,1017.551,0.598,3.871
P1,108,10800,pedestrian/bicycle,1004.368,1017.94,0.548,3.906
P1,109,10900,pedestrian/bicycle,1004.421,1018.332,0.497,3.936
P1,110,11000,pedestrian/bicycle,1004.467,1018.727,0.438,3.957
P1,111,11100,pedestrian/bicycle,1004.508,1019.123,0.37,3.974
P1,112,11200,pedestrian/bicycle,1004.541,1019.522,0.291,3.996
P1,113,11300,pedestrian/bicycle,1004.565,1019.923,0.203,4.023
P1,114,11400,pedestrian/bicycle,1004.581,1020.327,0.106,4.056
P1,115,11500,pedestrian/bicycle,1004.586,1020.734,0.001,4.093
P1,116,11600,pedestrian/bicycle,1004.581,1021.145,-0.104,4.125
P1,117,11700,pedestrian/bicycle,1004.565,1021.559,-0.208,4.149
P1,118,11800,pedestrian/bicycle,1004.54,1021.975,-0.31,4.169
P1,119,11900,pedestrian/bicycle,1004.503,1022.392,-0.414,4.184
P1,120,12000,pedestrian/bicycle,1004.456,1022.811,-0.523,4.197
P1,121,12100,pedestrian/bicycle,1004.399,1023.232,-0.635,4.213
P1,122,12200,pedestrian/bicycle,1004.329,1023.654,-0.748,4.23
P1,123,12300,pedestrian/bicycle,1004.249,1024.078,-0.86,4.247
P1,124,12400,pedestrian/bicycle,1004.157,1024.503,-0.973,4.26
P1,125,12500,pedestrian/bicycle,1004.054,1024.929,-1.087,4.265
P1,126,12600,pedestrian/bicycle,1003.94,1025.356,-1.202,4.264
P1,127,12700,pedestrian/bicycle,1003.814,1025.782,-1.321,4.255
P1,128,12800,pedestrian/bicycle,1003.676,1026.206,-1.443,4.233
P1,129,12900,pedestrian/bicycle,1003.525,1026.628,-1.571,4.202
P1,130,13000,pedestrian/bicycle,1003.361,1027.046,-1.709,4.164
P1,131,13100,pedestrian/bicycle,1003.182,1027.46,-1.859,4.119
P1,132,13200,pedestrian/bicycle,1002.989,1027.869,-2.018,4.062
P1,133,13300,pedestrian/bicycle,1002.778,1028.272,-2.183,3.99
P1,134,13400,pedestrian/bicycle,1002.552,1028.667,-2.355,3.906
P1,135,13500,pedestrian/bicycle,1002.307,1029.053,-2.534,3.815
P1,136,13600,pedestrian/bicycle,1002.045,1029.429,-2.717,3.714
P1,137,13700,pedestrian/bicycle,1001.764,1029.795,-2.899,3.598
P1,138,13800,pedestrian/bicycle,1001.465,1030.148,-3.079,3.47
P1,139,13900,pedestrian/bicycle,1001.148,1030.489,-3.256,3.333
P1,140,14000,pedestrian/bicycle,1000.814,1030.815,-3.427,3.188
P1,141,14100,pedestrian/bicycle,1000.463,1031.126,-3.591,3.037
P1,142,14200,pedestrian/bicycle,1000.096,1031.422,-3.746,2.882
P1,143,14300,pedestrian/bicycle,999.714,1031.702,-3.888,2.727
P1,144,14400,pedestrian/bicycle,999.319,1031.967,-4.023,2.573
P1,145,14500,pedestrian/bicycle,998.91,1032.217,-4.155,2.421
P1,146,14600,pedestrian/bicycle,998.488,1032.452,-4.28,2.275
P1,147,14700,pedestrian/bicycle,998.055,1032.672,-4.395,2.136
P1,148,14800,pedestrian/bicycle,997.61,1032.879,-4.494,2.005
P1,149,14900,pedestrian/bicycle,997.157,1033.074,-4.575,1.884
P1,150,15000,pedestrian/bicycle,996.696,1033.257,-4.64,1.77
P1,151,15100,pedestrian/bicycle,996.229,1033.428,-4.691,1.66
P1,152,15200,pedestrian/bicycle,995.759,1033.589,-4.726,1.554
P1,153,15300,pedestrian/bicycle,995.284,1033.739,-4.754,1.451
P1,154,15400,pedestrian/bicycle,994.808,1033.879,-4.784,1.349
P1,155,15500,pedestrian/bicycle,994.327,1034.009,-4.821,1.245
P1,156,15600,pedestrian/bicycle,993.843,1034.128,-4.863,1.138
P1,157,15700,pedestrian/bicycle,993.355,1034.236,-4.908,1.032
P1,158,15800,pedestrian/bicycle,992.862,1034.334,-4.955,0.929
P1,159,15900,pedestrian/bicycle,992.364,1034.422,-4.998,0.828
P1,160,16000,pedestrian/bicycle,991.862,1034.5,-5.033,0.73
P1,161,16100,pedestrian/bicycle,991.357,1034.569,-5.068,0.636
P1,162,16200,pedestrian/bicycle,990.849,1034.627,-5.106,0.541
P1,163,16300,pedestrian/bicycle,990.336,1034.677,-5.148,0.447
P1,164,16400,pedestrian/bicycle,989.819,1034.717,-5.188,0.353
P1,165,16500,pedestrian/bicycle,989.299,1034.747,-5.219,0.257
P1,166,16600,pedestrian/bicycle,988.776,1034.768,-5.243,0.157
P1,167,16700,pedestrian/bicycle,988.25,1034.779,-5.269,0.058
P1,168,16800,pedestrian/bicycle,987.722,1034.78,-5.296,-0.039
P1,169,16900,pedestrian/bicycle,987.191,1034.771,-5.321,-0.131
P1,170,17000,pedestrian/bicycle,986.658,1034.754,-5.34,-0.217
P1,171,17100,pedestrian/bicycle,986.123,1034.728,-5.352,-0.297
P1,172,17200,pedestrian/bicycle,985.588,1034.695,-5.358,-0.373
P1,173,17300,pedestrian/bicycle,985.052,1034.654,-5.36,-0.447
P1,174,17400,pedestrian/bicycle,984.516,1034.605,-5.364,-0.516
P1,175,17500,pedestrian/bicycle,983.979,1034.551,-5.372,-0.58
P1,176,17600,pedestrian/bicycle,983.441,1034.49,-5.38,-0.636
P1,177,17700,pedestrian/bicycle,982.903,1034.424,-5.385,-0.684
P1,178,17800,pedestrian/bicycle,982.364,1034.353,-5.386,-0.73
P1,179,17900,pedestrian/bicycle,981.826,1034.278,-5.382,-0.773
P1,180,18000,pedestrian/bicycle,981.288,1034.199,-5.375,-0.816
P1,181,18100,pedestrian/bicycle,980.751,1034.115,-5.367,-0.86
P1,182,18200,pedestrian/bicycle,980.215,1034.026,-5.363,-0.906
P1,183,18300,pedestrian/bicycle,979.678,1033.934,-5.367,-0.951
P1,184,18400,pedestrian/bicycle,979.141,1033.836,-5.381,-0.997
P1,185,18500,pedestrian/bicycle,978.602,1033.734,-5.401,-1.043
P1,186,18600,pedestrian/bicycle,978.061,1033.628,-5.419,-1.089
P1,187,18700,pedestrian/bicycle,977.518,1033.517,-5.434,-1.129
P1,188,18800,pedestrian/bicycle,976.974,1033.403,-5.446,-1.154
P1,189,18900,pedestrian/bicycle,976.428,1033.287,-5.463,-1.163
P1,190,19000,pedestrian/bicycle,975.881,1033.171,-5.489,-1.152
P1,191,19100,pedestrian/bicycle,975.33,1033.057,-5.534,-1.122
P1,192,19200,pedestrian/bicycle,974.773,1032.947,-5.591,-1.085
P1,193,19300,pedestrian/bicycle,974.212,1032.84,-5.643,-1.048
P1,194,19400,pedestrian/bicycle,973.645,1032.738,-5.687,-1.004
P1,195,19500,pedestrian/bicycle,973.075,1032.64,-5.72,-0.953
P1,196,19600,pedestrian/bicycle,972.501,1032.547,-5.749,-0.899
P1,197,19700,pedestrian/bicycle,971.925,1032.46,-5.782,-0.843
P1,198,19800,pedestrian/bicycle,971.345,1032.379,-5.821,-0.783
P1,199,19900,pedestrian/bicycle,970.761,1032.304,-5.859,-0.717
P1,200,20000,pedestrian/bicycle,970.173,1032.235,-5.892,-0.653
P1,201,20100,pedestrian/bicycle,969.582,1032.173,-5.92,-0.602
P1,202,20200,pedestrian/bicycle,968.989,1032.114,-5.948,-0.569
P1,203,20300,pedestrian/bicycle,968.392,1032.058,-5.985,-0.555
P1,204,20400,pedestrian/bicycle,967.792,1032.002,-6.031,-0.56
P1,205,20500,pedestrian/bicycle,967.186,1031.945,-6.081,-0.584
P1,206,20600,pedestrian/bicycle,966.575,1031.884,-6.136,-0.621
P1,207,20700,pedestrian/bicycle,965.959,1031.82,-6.193,-0.666
P1,208,20800,pedestrian/bicycle,965.336,1031.751,-6.25,-0.717
P1,209,20900,pedestrian/bicycle,964.709,1031.676,-6.306,-0.773
P1,210,21000,pedestrian/bicycle,964.076,1031.596,-6.357,-0.835
P1,211,21100,pedestrian/bicycle,963.437,1031.509,-6.404,-0.901
P1,212,21200,pedestrian/bicycle,962.795,1031.416,-6.445,-0.965
P1,213,21300,pedestrian/bicycle,962.149,1031.317,-6.481,-1.022
P1,214,21400,pedestrian/bicycle,961.499,1031.212,-6.508,-1.076
P1,215,21500,pedestrian/bicycle,960.847,1031.102,-6.529,-1.125
P1,216,21600,pedestrian/bicycle,960.194,1030.987,-6.549,-1.167
P1,217,21700,pedestrian/bicycle,959.538,1030.869,-6.572,-1.196
P1,218,21800,pedestrian/bicycle,958.879,1030.748,-6.597,-1.212
P1,219,21900,pedestrian/bicycle,958.218,1030.627,-6.622,-1.221
P1,220,22000,pedestrian/bicycle,957.555,1030.504,-6.641,-1.227
P1,221,22100,pedestrian/bicycle,956.89,1030.382,-6.655,-1.232
P1,222,22200,pedestrian/bicycle,956.224,1030.258,-6.67,-1.238
P1,223,22300,pedestrian/bicycle,955.556,1030.134,-6.688,-1.248
P1,224,22400,pedestrian/bicycle,954.886,1030.008,-6.707,-1.261
P1,225,22500,pedestrian/bicycle,954.215,1029.882,-6.726,-1.27
P1,226,22600,pedestrian/bicycle,953.541,1029.755,-6.743,-1.274
P1,227,22700,pedestrian/bicycle,952.866,1029.627,-6.759,-1.275
P1,228,22800,pedestrian/bicycle,952.19,1029.5,-6.771,-1.275
P1,229,22900,pedestrian/bicycle,951.512,1029.372,-6.779,-1.27
P1,230,23000,pedestrian/bicycle,950.834,1029.246,-6.786,-1.256
P1,231,23100,pedestrian/bicycle,950.155,1029.122,-6.793,-1.234
P1,232,23200,pedestrian/bicycle,949.476,1029,-6.794,-1.203
P1,233,23300,pedestrian/bicycle,948.796,1028.881,-6.792,-1.165
P1,234,23400,pedestrian/bicycle,948.117,1028.767,-6.789,-1.121
P1,235,23500,pedestrian/bicycle,947.438,1028.657,-6.784,-1.074
P1,236,23600,pedestrian/bicycle,946.76,1028.552,-6.778,-1.027
P1,237,23700,pedestrian/bicycle,946.083,1028.452,-6.771,-0.985
P1,238,23800,pedestrian/bicycle,945.406,1028.355,-6.767,-0.946
P1,239,23900,pedestrian/bicycle,944.729,1028.262,-6.768,-0.909
P1,240,24000,pedestrian/bicycle,944.052,1028.173,-6.769,-0.872
P1,241,24100,pedestrian/bicycle,943.375,1028.088,-6.769,-0.834
P1,242,24200,pedestrian/bicycle,942.698,1028.006,-6.773,-0.797
P1,243,24300,pedestrian/bicycle,942.021,1027.928,-6.78,-0.76
P1,244,24400,pedestrian/bicycle,941.342,1027.854,-6.792,-0.721
P1,245,24500,pedestrian/bicycle,940.662,1027.784,-6.811,-0.679
P1,246,24600,pedestrian/bicycle,939.98,1027.719,-6.837,-0.634
P1,247,24700,pedestrian/bicycle,939.294,1027.658,-6.87,-0.588
P1,248,24800,pedestrian/bicycle,938.606,1027.601,-6.903,-0.543
P1,249,24900,pedestrian/bicycle,937.914,1027.549,-6.933,-0.504
P1,250,25000,pedestrian/bicycle,937.219,1027.5,-6.963,-0.474
P1,251,25100,pedestrian/bicycle,936.521,1027.453,-6.989,-0.453
P1,252,25200,pedestrian/bicycle,935.821,1027.409,-7.015,-0.434
P1,253,25300,pedestrian/bicycle,935.118,1027.367,-7.043,-0.415
P1,254,25400,pedestrian/bicycle,934.413,1027.326,-7.069,-0.395
P1,255,25500,pedestrian/bicycle,933.705,1027.288,-7.089,-0.375
P1,256,25600,pedestrian/bicycle,932.996,1027.251,-7.095,-0.355
P1,257,25700,pedestrian/bicycle,932.286,1027.217,-7.089,-0.334
P1,258,25800,pedestrian/bicycle,931.578,1027.184,-7.075,-0.313
P1,259,25900,pedestrian/bicycle,930.872,1027.154,-7.055,-0.296
P1,260,26000,pedestrian/bicycle,930.168,1027.125,-7.026,-0.284
P1,261,26100,pedestrian/bicycle,929.467,1027.097,-6.987,-0.275
P1,262,26200,pedestrian/bicycle,928.771,1027.07,-6.933,-0.263
P1,263,26300,pedestrian/bicycle,928.082,1027.045,-6.854,-0.249
P1,264,26400,pedestrian/bicycle,927.402,1027.02,-6.745,-0.232
P1,265,26500,pedestrian/bicycle,926.734,1026.998,-6.605,-0.212
P1,266,26600,pedestrian/bicycle,926.082,1026.978,-6.43,-0.188
P1,267,26700,pedestrian/bicycle,925.45,1026.961,-6.212,-0.161
P1,268,26800,pedestrian/bicycle,924.842,1026.946,-5.952,-0.133
P1,269,26900,pedestrian/bicycle,924.262,1026.934,-5.654,-0.105
P1,270,27000,pedestrian/bicycle,923.712,1026.925,-5.333,-0.081
P1,271,27100,pedestrian/bicycle,923.195,1026.918,-5.013,-0.063
P1,272,27200,pedestrian/bicycle,922.708,1026.912,-4.725,-0.051
P1,273,27300,pedestrian/bicycle,922.246,1026.907,-4.512,-0.043
P1,274,27400,pedestrian/bicycle,921.801,1026.903,-4.396,-0.039
P1,275,27500,pedestrian/bicycle,921.363,1026.899,-4.362,-0.038
P3,40,4000,pedestrian/bicycle,1060.776,1018.79,-6.438,2.003
P3,41,4100,pedestrian/bicycle,1060.129,1018.99,-6.494,1.995
P3,42,4200,pedestrian/bicycle,1059.477,1019.189,-6.55,1.989
P3,43,4300,pedestrian/bicycle,1058.819,1019.388,-6.607,1.985
P3,44,4400,pedestrian/bicycle,1058.156,1019.586,-6.667,1.984
P3,45,4500,pedestrian/bicycle,1057.486,1019.785,-6.728,1.988
P3,46,4600,pedestrian/bicycle,1056.81,1019.984,-6.792,1.995
P3,47,4700,pedestrian/bicycle,1056.128,1020.184,-6.857,2
P3,48,4800,pedestrian/bicycle,1055.439,1020.384,-6.917,2
P3,49,4900,pedestrian/bicycle,1054.744,1020.584,-6.973,1.994
P3,50,5000,pedestrian/bicycle,1054.044,1020.782,-7.029,1.982
P3,51,5100,pedestrian/bicycle,1053.339,1020.98,-7.085,1.964
P3,52,5200,pedestrian/bicycle,1052.627,1021.175,-7.138,1.944
P3,53,5300,pedestrian/bicycle,1051.911,1021.368,-7.189,1.922
P3,54,5400,pedestrian/bicycle,1051.19,1021.559,-7.232,1.898
P3,55,5500,pedestrian/bicycle,1050.465,1021.748,-7.266,1.872
P3,56,5600,pedestrian/bicycle,1049.737,1021.934,-7.288,1.841
P3,57,5700,pedestrian/bicycle,1049.008,1022.116,-7.3,1.806
P3,58,5800,pedestrian/bicycle,1048.278,1022.295,-7.305,1.77
P3,59,5900,pedestrian/bicycle,1047.547,1022.47,-7.309,1.736
P3,60,6000,pedestrian/bicycle,1046.816,1022.642,-7.316,1.708
P3,61,6100,pedestrian/bicycle,1046.084,1022.812,-7.327,1.69
P3,62,6200,pedestrian/bicycle,1045.35,1022.981,-7.342,1.681
P3,63,6300,pedestrian/bicycle,1044.615,1023.148,-7.363,1.675
P3,64,6400,pedestrian/bicycle,1043.877,1023.316,-7.388,1.673
P3,65,6500,pedestrian/bicycle,1043.137,1023.483,-7.412,1.674
P3,66,6600,pedestrian/bicycle,1042.395,1023.651,-7.431,1.674
P3,67,6700,pedestrian/bicycle,1041.651,1023.818,-7.447,1.675
P3,68,6800,pedestrian/bicycle,1040.906,1023.986,-7.456,1.674
P3,69,6900,pedestrian/bicycle,1040.161,1024.153,-7.456,1.67
P3,70,7000,pedestrian/bicycle,1039.415,1024.319,-7.448,1.662
P3,71,7100,pedestrian/bicycle,1038.671,1024.485,-7.439,1.652
P3,72,7200,pedestrian/bicycle,1037.928,1024.65,-7.431,1.641
P3,73,7300,pedestrian/bicycle,1037.185,1024.813,-7.428,1.633
P3,74,7400,pedestrian/bicycle,1036.442,1024.976,-7.43,1.628
P3,75,7500,pedestrian/bicycle,1035.699,1025.139,-7.425,1.626
P3,76,7600,pedestrian/bicycle,1034.957,1025.302,-7.412,1.627
P3,77,7700,pedestrian/bicycle,1034.217,1025.465,-7.397,1.635
P3,78,7800,pedestrian/bicycle,1033.478,1025.629,-7.384,1.649
P3,79,7900,pedestrian/bicycle,1032.74,1025.795,-7.371,1.668
P3,80,8000,pedestrian/bicycle,1032.004,1025.963,-7.352,1.688
P3,81,8100,pedestrian/bicycle,1031.27,1026.133,-7.326,1.708
P3,82,8200,pedestrian/bicycle,1030.539,1026.304,-7.296,1.728
P3,83,8300,pedestrian/bicycle,1029.81,1026.478,-7.27,1.753
P3,84,8400,pedestrian/bicycle,1029.084,1026.655,-7.25,1.783
P3,85,8500,pedestrian/bicycle,1028.36,1026.836,-7.238,1.824
P3,86,8600,pedestrian/bicycle,1027.636,1027.02,-7.233,1.874
P3,87,8700,pedestrian/bicycle,1026.913,1027.211,-7.232,1.931
P3,88,8800,pedestrian/bicycle,1026.19,1027.407,-7.234,1.993
P3,89,8900,pedestrian/bicycle,1025.467,1027.61,-7.23,2.062
P3,90,9000,pedestrian/bicycle,1024.744,1027.82,-7.214,2.137
P3,91,9100,pedestrian/bicycle,1024.024,1028.037,-7.195,2.215
P3,92,9200,pedestrian/bicycle,1023.306,1028.262,-7.17,2.291
P3,93,9300,pedestrian/bicycle,1022.59,1028.495,-7.136,2.359
P3,94,9400,pedestrian/bicycle,1021.879,1028.734,-7.094,2.415
P3,95,9500,pedestrian/bicycle,1021.172,1028.977,-7.042,2.458
P3,96,9600,pedestrian/bicycle,1020.471,1029.225,-6.979,2.489
P3,97,9700,pedestrian/bicycle,1019.777,1029.475,-6.912,2.516
P3,98,9800,pedestrian/bicycle,1019.088,1029.727,-6.853,2.538
P3,99,9900,pedestrian/bicycle,1018.405,1029.982,-6.806,2.554
P3,100,10000,pedestrian/bicycle,1017.727,1030.238,-6.767,2.567
P3,101,10100,pedestrian/bicycle,1017.052,1030.495,-6.733,2.582
P3,102,10200,pedestrian/bicycle,1016.38,1030.755,-6.71,2.599
P3,103,10300,pedestrian/bicycle,1015.71,1031.015,-6.694,2.615
P3,104,10400,pedestrian/bicycle,1015.041,1031.277,-6.678,2.627
P3,105,10500,pedestrian/bicycle,1014.374,1031.54,-6.664,2.635
P3,106,10600,pedestrian/bicycle,1013.708,1031.804,-6.656,2.639
P3,107,10700,pedestrian/bicycle,1013.042,1032.068,-6.651,2.642
P3,108,10800,pedestrian/bicycle,1012.377,1032.333,-6.657,2.644
P3,109,10900,pedestrian/bicycle,1011.71,1032.597,-6.684,2.647
P3,110,11000,pedestrian/bicycle,1011.039,1032.862,-6.739,2.657
P3,111,11100,pedestrian/bicycle,1010.362,1033.129,-6.796,2.67
P3,112,11200,pedestrian/bicycle,1009.681,1033.396,-6.828,2.679
P3,113,11300,pedestrian/bicycle,1008.997,1033.664,-6.839,2.684
P3,114,11400,pedestrian/bicycle,1008.313,1033.933,-6.838,2.685
P3,115,11500,pedestrian/bicycle,1007.63,1034.201,-6.834,2.684
P3,116,11600,pedestrian/bicycle,1006.947,1034.469,-6.829,2.675
P3,117,11700,pedestrian/bicycle,1006.264,1034.735,-6.824,2.653
P3,118,11800,pedestrian/bicycle,1005.582,1034.999,-6.818,2.616
P3,119,11900,pedestrian/bicycle,1004.9,1035.258,-6.816,2.562
P3,120,12000,pedestrian/bicycle,1004.219,1035.51,-6.817,2.49
P3,121,12100,pedestrian/bicycle,1003.537,1035.755,-6.822,2.401
P3,122,12200,pedestrian/bicycle,1002.854,1035.99,-6.831,2.301
P3,123,12300,pedestrian/bicycle,1002.17,1036.215,-6.846,2.192
P3,124,12400,pedestrian/bicycle,1001.484,1036.428,-6.873,2.075
P3,125,12500,pedestrian/bicycle,1000.795,1036.629,-6.918,1.948
P3,126,12600,pedestrian/bicycle,1000.1,1036.817,-6.975,1.813
P3,127,12700,pedestrian/bicycle,999.399,1036.991,-7.039,1.675
P3,128,12800,pedestrian/bicycle,998.692,1037.152,-7.106,1.537
P3,129,12900,pedestrian/bicycle,997.978,1037.299,-7.168,1.399
P3,130,13000,pedestrian/bicycle,997.259,1037.432,-7.22,1.258
P3,131,13100,pedestrian/bicycle,996.535,1037.55,-7.266,1.112
P3,132,13200,pedestrian/bicycle,995.806,1037.654,-7.306,0.96
P3,133,13300,pedestrian/bicycle,995.074,1037.742,-7.336,0.803
P3,134,13400,pedestrian/bicycle,994.339,1037.814,-7.361,0.64
P3,135,13500,pedestrian/bicycle,993.602,1037.87,-7.387,0.472
P3,136,13600,pedestrian/bicycle,992.862,1037.908,-7.414,0.302
P3,137,13700,pedestrian/bicycle,992.119,1037.93,-7.439,0.136
P3,138,13800,pedestrian/bicycle,991.374,1037.936,-7.461,-0.021
P3,139,13900,pedestrian/bicycle,990.627,1037.926,-7.474,-0.169
P3,140,14000,pedestrian/bicycle,989.88,1037.903,-7.473,-0.307
P3,141,14100,pedestrian/bicycle,989.133,1037.865,-7.464,-0.441
P3,142,14200,pedestrian/bicycle,988.387,1037.815,-7.462,-0.571
P3,143,14300,pedestrian/bicycle,987.64,1037.751,-7.472,-0.703
P3,144,14400,pedestrian/bicycle,986.892,1037.674,-7.49,-0.837
P3,145,14500,pedestrian/bicycle,986.142,1037.584,-7.517,-0.974
P3,146,14600,pedestrian/bicycle,985.389,1037.48,-7.532,-1.105
P3,147,14700,pedestrian/bicycle,984.637,1037.363,-7.511,-1.228
P3,148,14800,pedestrian/bicycle,983.888,1037.234,-7.458,-1.346
P3,149,14900,pedestrian/bicycle,983.146,1037.094,-7.389,-1.467
P3,150,15000,pedestrian/bicycle,982.411,1036.941,-7.317,-1.589
P3,151,15100,pedestrian/bicycle,981.682,1036.776,-7.252,-1.713
P3,152,15200,pedestrian/bicycle,980.959,1036.598,-7.206,-1.843
P3,153,15300,pedestrian/bicycle,980.24,1036.407,-7.193,-1.98
P3,154,15400,pedestrian/bicycle,979.519,1036.202,-7.227,-2.124
P3,155,15500,pedestrian/bicycle,978.791,1035.982,-7.324,-2.275
P3,156,15600,pedestrian/bicycle,978.051,1035.747,-7.48,-2.425
P3,157,15700,pedestrian/bicycle,977.295,1035.498,-7.629,-2.546
P3,158,15800,pedestrian/bicycle,976.527,1035.24,-7.737,-2.625
P3,159,15900,pedestrian/bicycle,975.749,1034.975,-7.829,-2.676
P3,160,16000,pedestrian/bicycle,974.963,1034.705,-7.896,-2.708
P3,161,16100,pedestrian/bicycle,974.171,1034.434,-7.933,-2.723
P3,162,16200,pedestrian/bicycle,973.377,1034.161,-7.956,-2.727
P3,163,16300,pedestrian/bicycle,972.58,1033.889,-7.971,-2.721
P3,164,16400,pedestrian/bicycle,971.783,1033.618,-7.971,-2.704
P3,165,16500,pedestrian/bicycle,970.987,1033.348,-7.954,-2.678
P3,166,16600,pedestrian/bicycle,970.193,1033.082,-7.929,-2.647
P3,167,16700,pedestrian/bicycle,969.401,1032.819,-7.903,-2.615
P3,168,16800,pedestrian/bicycle,968.612,1032.559,-7.882,-2.586
P3,169,16900,pedestrian/bicycle,967.824,1032.302,-7.873,-2.562
P3,170,17000,pedestrian/bicycle,967.037,1032.046,-7.877,-2.543
P3,171,17100,pedestrian/bicycle,966.248,1031.793,-7.892,-2.526
P3,172,17200,pedestrian/bicycle,965.458,1031.541,-7.914,-2.507
P3,173,17300,pedestrian/bicycle,964.665,1031.292,-7.944,-2.484
P3,174,17400,pedestrian/bicycle,963.869,1031.045,-7.98,-2.454
P3,175,17500,pedestrian/bicycle,963.069,1030.801,-8.018,-2.416
P3,176,17600,pedestrian/bicycle,962.265,1030.562,-8.062,-2.371
P3,177,17700,pedestrian/bicycle,961.456,1030.328,-8.114,-2.318
P3,178,17800,pedestrian/bicycle,960.642,1030.099,-8.171,-2.257
P3,179,17900,pedestrian/bicycle,959.822,1029.877,-8.227,-2.189
P3,180,18000,pedestrian/bicycle,958.997,1029.661,-8.276,-2.116
P3,181,18100,pedestrian/bicycle,958.167,1029.453,-8.32,-2.042
P3,182,18200,pedestrian/bicycle,957.333,1029.253,-8.361,-1.97
P3,183,18300,pedestrian/bicycle,956.495,1029.059,-8.402,-1.9
P3,184,18400,pedestrian/bicycle,955.653,1028.873,-8.442,-1.83
P3,185,18500,pedestrian/bicycle,954.807,1028.694,-8.477,-1.754
P3,186,18600,pedestrian/bicycle,953.958,1028.522,-8.502,-1.672
P3,187,18700,pedestrian/bicycle,953.107,1028.359,-8.521,-1.59
P3,188,18800,pedestrian/bicycle,952.254,1028.204,-8.532,-1.512
P3,189,18900,pedestrian/bicycle,951.4,1028.057,-8.537,-1.437
P3,190,19000,pedestrian/bicycle,950.547,1027.917,-8.537,-1.362
P3,191,19100,pedestrian/bicycle,949.693,1027.784,-8.537,-1.287
P3,192,19200,pedestrian/bicycle,948.839,1027.659,-8.537,-1.213
P3,193,19300,pedestrian/bicycle,947.986,1027.542,-8.539,-1.137
P3,194,19400,pedestrian/bicycle,947.132,1027.432,-8.537,-1.057
P3,195,19500,pedestrian/bicycle,946.278,1027.33,-8.532,-0.973
P3,196,19600,pedestrian/bicycle,945.426,1027.237,-8.522,-0.892
P3,197,19700,pedestrian/bicycle,944.574,1027.152,-8.507,-0.818
P3,198,19800,pedestrian/bicycle,943.724,1027.073,-8.488,-0.753
P3,199,19900,pedestrian/bicycle,942.877,1027.001,-8.461,-0.695
P3,200,20000,pedestrian/bicycle,942.033,1026.934,-8.424,-0.646
P3,201,20100,pedestrian/bicycle,941.192,1026.871,-8.387,-0.604
P3,202,20200,pedestrian/bicycle,940.355,1026.812,-8.358,-0.571
P3,203,20300,pedestrian/bicycle,939.52,1026.757,-8.34,-0.543
P3,204,20400,pedestrian/bicycle,938.687,1026.704,-8.33,-0.52
P3,205,20500,pedestrian/bicycle,937.854,1026.653,-8.32,-0.499
P3,206,20600,pedestrian/bicycle,937.023,1026.604,-8.31,-0.476
P3,207,20700,pedestrian/bicycle,936.192,1026.558,-8.297,-0.45
P3,208,20800,pedestrian/bicycle,935.363,1026.514,-8.283,-0.421
P3,209,20900,pedestrian/bicycle,934.536,1026.474,-8.267,-0.391
P3,210,21000,pedestrian/bicycle,933.71,1026.436,-8.248,-0.362
P3,211,21100,pedestrian/bicycle,932.886,1026.401,-8.225,-0.332
P3,212,21200,pedestrian/bicycle,932.065,1026.37,-8.197,-0.301
P3,213,21300,pedestrian/bicycle,931.247,1026.341,-8.161,-0.271
P3,214,21400,pedestrian/bicycle,930.433,1026.315,-8.117,-0.243
P3,215,21500,pedestrian/bicycle,929.624,1026.292,-8.065,-0.218
P3,216,21600,pedestrian/bicycle,928.823,1026.272,-7.967,-0.195
P3,217,21700,pedestrian/bicycle,928.035,1026.253,-7.793,-0.173
P3,218,21800,pedestrian/bicycle,927.268,1026.237,-7.548,-0.154
P3,219,21900,pedestrian/bicycle,926.528,1026.222,-7.243,-0.138
P3,220,22000,pedestrian/bicycle,925.821,1026.209,-6.895,-0.125
P3,221,22100,pedestrian/bicycle,925.15,1026.197,-6.528,-0.116
P3,222,22200,pedestrian/bicycle,924.514,1026.186,-6.185,-0.109
P3,223,22300,pedestrian/bicycle,923.909,1026.175,-5.925,-0.104
P3,224,22400,pedestrian/bicycle,923.324,1026.165,-5.781,-0.102
P3,225,22500,pedestrian/bicycle,922.748,1026.155,-5.739,-0.101
P4,65,6500,pedestrian/bicycle,1061.085,1019.233,-6.217,1.692
P4,66,6600,pedestrian/bicycle,1060.46,1019.4,-6.289,1.653
P4,67,6700,pedestrian/bicycle,1059.827,1019.563,-6.36,1.613
P4,68,6800,pedestrian/bicycle,1059.188,1019.723,-6.431,1.577
P4,69,6900,pedestrian/bicycle,1058.541,1019.879,-6.499,1.547
P4,70,7000,pedestrian/bicycle,1057.888,1020.032,-6.558,1.52
P4,71,7100,pedestrian/bicycle,1057.23,1020.183,-6.601,1.496
P4,72,7200,pedestrian/bicycle,1056.569,1020.332,-6.627,1.476
P4,73,7300,pedestrian/bicycle,1055.906,1020.479,-6.639,1.461
P4,74,7400,pedestrian/bicycle,1055.241,1020.624,-6.644,1.454
P4,75,7500,pedestrian/bicycle,1054.577,1020.77,-6.646,1.457
P4,76,7600,pedestrian/bicycle,1053.912,1020.916,-6.65,1.469
P4,77,7700,pedestrian/bicycle,1053.247,1021.064,-6.654,1.488
P4,78,7800,pedestrian/bicycle,1052.581,1021.214,-6.658,1.515
P4,79,7900,pedestrian/bicycle,1051.915,1021.368,-6.662,1.548
P4,80,8000,pedestrian/bicycle,1051.249,1021.524,-6.661,1.586
P4,81,8100,pedestrian/bicycle,1050.584,1021.685,-6.653,1.63
P4,82,8200,pedestrian/bicycle,1049.919,1021.85,-6.638,1.678
P4,83,8300,pedestrian/bicycle,1049.256,1022.021,-6.613,1.726
P4,84,8400,pedestrian/bicycle,1048.597,1022.195,-6.583,1.77
P4,85,8500,pedestrian/bicycle,1047.94,1022.374,-6.553,1.801
P4,86,8600,pedestrian/bicycle,1047.286,1022.555,-6.529,1.817
P4,87,8700,pedestrian/bicycle,1046.634,1022.737,-6.514,1.821
P4,88,8800,pedestrian/bicycle,1045.983,1022.919,-6.504,1.818
P4,89,8900,pedestrian/bicycle,1045.333,1023.1,-6.499,1.807
P4,90,9000,pedestrian/bicycle,1044.683,1023.28,-6.5,1.787
P4,91,9100,pedestrian/bicycle,1044.032,1023.457,-6.51,1.762
P4,92,9200,pedestrian/bicycle,1043.38,1023.632,-6.525,1.731
P4,93,9300,pedestrian/bicycle,1042.727,1023.803,-6.54,1.696
P4,94,9400,pedestrian/bicycle,1042.073,1023.971,-6.55,1.654
P4,95,9500,pedestrian/bicycle,1041.417,1024.134,-6.554,1.609
P4,96,9600,pedestrian/bicycle,1040.762,1024.292,-6.551,1.561
P4,97,9700,pedestrian/bicycle,1040.108,1024.446,-6.539,1.51
P4,98,9800,pedestrian/bicycle,1039.455,1024.594,-6.52,1.459
P4,99,9900,pedestrian/bicycle,1038.804,1024.738,-6.495,1.414
P4,100,10000,pedestrian/bicycle,1038.156,1024.878,-6.472,1.38
P4,101,10100,pedestrian/bicycle,1037.51,1025.015,-6.45,1.36
P4,102,10200,pedestrian/bicycle,1036.866,1025.15,-6.425,1.351
P4,103,10300,pedestrian/bicycle,1036.225,1025.285,-6.394,1.354
P4,104,10400,pedestrian/bicycle,1035.587,1025.421,-6.358,1.365
P4,105,10500,pedestrian/bicycle,1034.953,1025.559,-6.321,1.386
P4,106,10600,pedestrian/bicycle,1034.323,1025.699,-6.284,1.414
P4,107,10700,pedestrian/bicycle,1033.697,1025.842,-6.244,1.45
P4,108,10800,pedestrian/bicycle,1033.074,1025.989,-6.203,1.489
P4,109,10900,pedestrian/bicycle,1032.456,1026.14,-6.161,1.525
P4,110,11000,pedestrian/bicycle,1031.842,1026.294,-6.117,1.557
P4,111,11100,pedestrian/bicycle,1031.233,1026.451,-6.07,1.583
P4,112,11200,pedestrian/bicycle,1030.629,1026.61,-6.014,1.6
P4,113,11300,pedestrian/bicycle,1030.03,1026.771,-5.952,1.611
P4,114,11400,pedestrian/bicycle,1029.438,1026.932,-5.892,1.623
P4,115,11500,pedestrian/bicycle,1028.852,1027.095,-5.839,1.635
P4,116,11600,pedestrian/bicycle,1028.27,1027.259,-5.791,1.648
P4,117,11700,pedestrian/bicycle,1027.693,1027.425,-5.745,1.661
P4,118,11800,pedestrian/bicycle,1027.121,1027.592,-5.695,1.675
P4,119,11900,pedestrian/bicycle,1026.554,1027.76,-5.642,1.691
P4,120,12000,pedestrian/bicycle,1025.993,1027.93,-5.588,1.708
P4,121,12100,pedestrian/bicycle,1025.437,1028.102,-5.53,1.722
P4,122,12200,pedestrian/bicycle,1024.887,1028.274,-5.469,1.731
P4,123,12300,pedestrian/bicycle,1024.343,1028.448,-5.407,1.74
P4,124,12400,pedestrian/bicycle,1023.806,1028.622,-5.342,1.749
P4,125,12500,pedestrian/bicycle,1023.275,1028.797,-5.275,1.758
P4,126,12600,pedestrian/bicycle,1022.751,1028.974,-5.205,1.767
P4,127,12700,pedestrian/bicycle,1022.234,1029.151,-5.132,1.777
P4,128,12800,pedestrian/bicycle,1021.725,1029.329,-5.06,1.787
P4,129,12900,pedestrian/bicycle,1021.222,1029.508,-4.993,1.791
P4,130,13000,pedestrian/bicycle,1020.726,1029.687,-4.931,1.791
P4,131,13100,pedestrian/bicycle,1020.235,1029.866,-4.879,1.789
P4,132,13200,pedestrian/bicycle,1019.749,1030.045,-4.836,1.785
P4,133,13300,pedestrian/bicycle,1019.268,1030.223,-4.803,1.777
P4,134,13400,pedestrian/bicycle,1018.788,1030.4,-4.784,1.767
P4,135,13500,pedestrian/bicycle,1018.31,1030.576,-4.775,1.758
P4,136,13600,pedestrian/bicycle,1017.833,1030.752,-4.773,1.747
P4,137,13700,pedestrian/bicycle,1017.355,1030.925,-4.776,1.73
P4,138,13800,pedestrian/bicycle,1016.878,1031.098,-4.781,1.714
P4,139,13900,pedestrian/bicycle,1016.399,1031.268,-4.784,1.702
P4,140,14000,pedestrian/bicycle,1015.921,1031.438,-4.775,1.694
P4,141,14100,pedestrian/bicycle,1015.445,1031.607,-4.755,1.688
P4,142,14200,pedestrian/bicycle,1014.971,1031.776,-4.731,1.689
P4,143,14300,pedestrian/bicycle,1014.499,1031.945,-4.708,1.694
P4,144,14400,pedestrian/bicycle,1014.029,1032.115,-4.689,1.7
P4,145,14500,pedestrian/bicycle,1013.561,1032.285,-4.671,1.704
P4,146,14600,pedestrian/bicycle,1013.095,1032.456,-4.652,1.705
P4,147,14700,pedestrian/bicycle,1012.63,1032.626,-4.638,1.703
P4,148,14800,pedestrian/bicycle,1012.167,1032.796,-4.632,1.695
P4,149,14900,pedestrian/bicycle,1011.703,1032.965,-4.635,1.679
P4,150,15000,pedestrian/bicycle,1011.239,1033.132,-4.646,1.66
P4,151,15100,pedestrian/bicycle,1010.774,1033.296,-4.66,1.638
P4,152,15200,pedestrian/bicycle,1010.307,1033.459,-4.677,1.615
P4,153,15300,pedestrian/bicycle,1009.839,1033.619,-4.694,1.591
P4,154,15400,pedestrian/bicycle,1009.368,1033.777,-4.71,1.57
P4,155,15500,pedestrian/bicycle,1008.896,1033.933,-4.73,1.551
P4,156,15600,pedestrian/bicycle,1008.422,1034.087,-4.757,1.529
P4,157,15700,pedestrian/bicycle,1007.945,1034.239,-4.788,1.5
P4,158,15800,pedestrian/bicycle,1007.464,1034.387,-4.825,1.462
P4,159,15900,pedestrian/bicycle,1006.98,1034.531,-4.865,1.42
P4,160,16000,pedestrian/bicycle,1006.491,1034.671,-4.898,1.377
P4,161,16100,pedestrian/bicycle,1006,1034.806,-4.923,1.333
P4,162,16200,pedestrian/bicycle,1005.507,1034.938,-4.94,1.29
P4,163,16300,pedestrian/bicycle,1005.013,1035.065,-4.952,1.254
P4,164,16400,pedestrian/bicycle,1004.517,1035.189,-4.961,1.227
P4,165,16500,pedestrian/bicycle,1004.02,1035.311,-4.969,1.209
P4,166,16600,pedestrian/bicycle,1003.523,1035.431,-4.979,1.197
P4,167,16700,pedestrian/bicycle,1003.025,1035.55,-4.989,1.191
P4,168,16800,pedestrian/bicycle,1002.525,1035.669,-5.002,1.19
P4,169,16900,pedestrian/bicycle,1002.024,1035.789,-5.021,1.192
P4,170,17000,pedestrian/bicycle,1001.521,1035.908,-5.043,1.198
P4,171,17100,pedestrian/bicycle,1001.015,1036.028,-5.07,1.211
P4,172,17200,pedestrian/bicycle,1000.506,1036.151,-5.102,1.23
P4,173,17300,pedestrian/bicycle,999.994,1036.275,-5.14,1.25
P4,174,17400,pedestrian/bicycle,999.478,1036.4,-5.183,1.267
P4,175,17500,pedestrian/bicycle,998.958,1036.528,-5.227,1.281
P4,176,17600,pedestrian/bicycle,998.433,1036.657,-5.269,1.294
P4,177,17700,pedestrian/bicycle,997.904,1036.786,-5.304,1.303
P4,178,17800,pedestrian/bicycle,997.372,1036.917,-5.334,1.306
P4,179,17900,pedestrian/bicycle,996.838,1037.047,-5.359,1.303
P4,180,18000,pedestrian/bicycle,996.301,1037.177,-5.38,1.289
P4,181,18100,pedestrian/bicycle,995.762,1037.304,-5.395,1.26
P4,182,18200,pedestrian/bicycle,995.222,1037.428,-5.4,1.218
P4,183,18300,pedestrian/bicycle,994.682,1037.547,-5.401,1.161
P4,184,18400,pedestrian/bicycle,994.142,1037.66,-5.401,1.089
P4,185,18500,pedestrian/bicycle,993.602,1037.764,-5.405,1.002
P4,186,18600,pedestrian/bicycle,993.061,1037.859,-5.413,0.902
P4,187,18700,pedestrian/bicycle,992.519,1037.944,-5.427,0.794
P4,188,18800,pedestrian/bicycle,991.975,1038.018,-5.45,0.683
P4,189,18900,pedestrian/bicycle,991.429,1038.081,-5.48,0.569
P4,190,19000,pedestrian/bicycle,990.879,1038.132,-5.517,0.452
P4,191,19100,pedestrian/bicycle,990.325,1038.171,-5.555,0.332
P4,192,19200,pedestrian/bicycle,989.768,1038.198,-5.589,0.208
P4,193,19300,pedestrian/bicycle,989.208,1038.212,-5.618,0.081
P4,194,19400,pedestrian/bicycle,988.645,1038.214,-5.638,-0.051
P4,195,19500,pedestrian/bicycle,988.08,1038.202,-5.653,-0.184
P4,196,19600,pedestrian/bicycle,987.514,1038.177,-5.663,-0.316
P4,197,19700,pedestrian/bicycle,986.948,1038.139,-5.664,-0.445
P4,198,19800,pedestrian/bicycle,986.382,1038.088,-5.656,-0.567
P4,199,19900,pedestrian/bicycle,985.818,1038.026,-5.635,-0.678
P4,200,20000,pedestrian/bicycle,985.256,1037.954,-5.598,-0.772
P4,201,20100,pedestrian/bicycle,984.699,1037.872,-5.548,-0.854
P4,202,20200,pedestrian/bicycle,984.147,1037.783,-5.493,-0.926
P4,203,20300,pedestrian/bicycle,983.6,1037.688,-5.438,-0.989
P4,204,20400,pedestrian/bicycle,983.059,1037.586,-5.382,-1.043
P4,205,20500,pedestrian/bicycle,982.524,1037.479,-5.329,-1.09
P4,206,20600,pedestrian/bicycle,981.993,1037.368,-5.287,-1.14
P4,207,20700,pedestrian/bicycle,981.465,1037.251,-5.263,-1.198
P4,208,20800,pedestrian/bicycle,980.939,1037.128,-5.26,-1.265
P4,209,20900,pedestrian/bicycle,980.412,1036.998,-5.279,-1.339
P4,210,21000,pedestrian/bicycle,979.882,1036.86,-5.328,-1.418
P4,211,21100,pedestrian/bicycle,979.344,1036.714,-5.42,-1.502
P4,212,21200,pedestrian/bicycle,978.795,1036.559,-5.562,-1.592
P4,213,21300,pedestrian/bicycle,978.231,1036.395,-5.734,-1.685
P4,214,21400,pedestrian/bicycle,977.65,1036.223,-5.872,-1.768
P4,215,21500,pedestrian/bicycle,977.059,1036.043,-5.945,-1.833
P4,216,21600,pedestrian/bicycle,976.463,1035.857,-5.976,-1.885
P4,217,21700,pedestrian/bicycle,975.866,1035.666,-5.981,-1.925
P4,218,21800,pedestrian/bicycle,975.268,1035.472,-5.97,-1.953
P4,219,21900,pedestrian/bicycle,974.672,1035.276,-5.946,-1.972
P4,220,22000,pedestrian/bicycle,974.079,1035.078,-5.916,-1.983
P4,221,22100,pedestrian/bicycle,973.489,1034.88,-5.886,-1.988
P4,222,22200,pedestrian/bicycle,972.902,1034.681,-5.859,-1.99
P4,223,22300,pedestrian/bicycle,972.317,1034.482,-5.837,-1.991
P4,224,22400,pedestrian/bicycle,971.734,1034.283,-5.817,-1.989
P4,225,22500,pedestrian/bicycle,971.153,1034.084,-5.8,-1.984
P4,226,22600,pedestrian/bicycle,970.574,1033.886,-5.787,-1.974
P4,227,22700,pedestrian/bicycle,969.996,1033.689,-5.777,-1.96
P4,228,22800,pedestrian/bicycle,969.419,1033.494,-5.771,-1.941
P4,229,22900,pedestrian/bicycle,968.841,1033.302,-5.772,-1.917
P4,230,23000,pedestrian/bicycle,968.264,1033.111,-5.781,-1.886
P4,231,23100,pedestrian/bicycle,967.685,1032.925,-5.799,-1.846
P4,232,23200,pedestrian/bicycle,967.103,1032.742,-5.829,-1.802
P4,233,23300,pedestrian/bicycle,966.518,1032.564,-5.868,-1.759
P4,234,23400,pedestrian/bicycle,965.93,1032.391,-5.908,-1.717
P4,235,23500,pedestrian/bicycle,965.337,1032.221,-5.949,-1.675
P4,236,23600,pedestrian/bicycle,964.74,1032.055,-5.993,-1.636
P4,237,23700,pedestrian/bicycle,964.138,1031.894,-6.037,-1.598
P4,238,23800,pedestrian/bicycle,963.533,1031.736,-6.077,-1.562
P4,239,23900,pedestrian/bicycle,962.923,1031.581,-6.112,-1.528
P4,240,24000,pedestrian/bicycle,962.31,1031.43,-6.145,-1.497
P4,241,24100,pedestrian/bicycle,961.694,1031.282,-6.174,-1.468
P4,242,24200,pedestrian/bicycle,961.076,1031.136,-6.197,-1.445
P4,243,24300,pedestrian/bicycle,960.455,1030.993,-6.213,-1.425
P4,244,24400,pedestrian/bicycle,959.834,1030.851,-6.221,-1.402
P4,245,24500,pedestrian/bicycle,959.211,1030.712,-6.223,-1.373
P4,246,24600,pedestrian/bicycle,958.589,1030.577,-6.22,-1.341
P4,247,24700,pedestrian/bicycle,957.967,1030.444,-6.216,-1.305
P4,248,24800,pedestrian/bicycle,957.346,1030.316,-6.214,-1.265
P4,249,24900,pedestrian/bicycle,956.725,1030.192,-6.216,-1.223
P4,250,25000,pedestrian/bicycle,956.103,1030.071,-6.222,-1.183
P4,251,25100,pedestrian/bicycle,955.48,1029.955,-6.237,-1.148
P4,252,25200,pedestrian/bicycle,954.855,1029.842,-6.257,-1.117
P4,253,25300,pedestrian/bicycle,954.228,1029.731,-6.276,-1.086
P4,254,25400,pedestrian/bicycle,953.6,1029.624,-6.291,-1.054
P4,255,25500,pedestrian/bicycle,952.97,1029.521,-6.302,-1.019
P4,256,25600,pedestrian/bicycle,952.34,1029.421,-6.309,-0.985
P4,257,25700,pedestrian/bicycle,951.709,1029.324,-6.314,-0.952
P4,258,25800,pedestrian/bicycle,951.077,1029.23,-6.317,-0.921
P4,259,25900,pedestrian/bicycle,950.445,1029.139,-6.316,-0.894
P4,260,26000,pedestrian/bicycle,949.814,1029.051,-6.309,-0.872
P4,261,26100,pedestrian/bicycle,949.184,1028.965,-6.297,-0.855
P4,262,26200,pedestrian/bicycle,948.555,1028.88,-6.281,-0.843
P4,263,26300,pedestrian/bicycle,947.928,1028.796,-6.264,-0.836
P4,264,26400,pedestrian/bicycle,947.302,1028.713,-6.246,-0.832
P4,265,26500,pedestrian/bicycle,946.679,1028.629,-6.227,-0.834
P4,266,26600,pedestrian/bicycle,946.057,1028.545,-6.21,-0.843
P4,267,26700,pedestrian/bicycle,945.436,1028.461,-6.201,-0.853
P4,268,26800,pedestrian/bicycle,944.816,1028.375,-6.201,-0.851
P4,269,26900,pedestrian/bicycle,944.196,1028.291,-6.197,-0.842
P4,270,27000,pedestrian/bicycle,943.577,1028.207,-6.181,-0.834
P4,271,27100,pedestrian/bicycle,942.961,1028.124,-6.153,-0.825
P4,272,27200,pedestrian/bicycle,942.347,1028.042,-6.117,-0.808
P4,273,27300,pedestrian/bicycle,941.738,1027.963,-6.074,-0.782
P4,274,27400,pedestrian/bicycle,941.132,1027.886,-6.028,-0.749
P4,275,27500,pedestrian/bicycle,940.532,1027.813,-5.985,-0.709
P4,276,27600,pedestrian/bicycle,939.935,1027.745,-5.945,-0.665
P4,277,27700,pedestrian/bicycle,939.343,1027.68,-5.911,-0.622
P4,278,27800,pedestrian/bicycle,938.753,1027.62,-5.885,-0.582
P4,279,27900,pedestrian/bicycle,938.165,1027.563,-5.867,-0.549
P4,280,28000,pedestrian/bicycle,937.579,1027.51,-5.851,-0.523
P4,281,28100,pedestrian/bicycle,936.995,1027.459,-5.839,-0.501
P4,282,28200,pedestrian/bicycle,936.411,1027.41,-5.834,-0.479
P4,283,28300,pedestrian/bicycle,935.827,1027.363,-5.841,-0.456
P4,284,28400,pedestrian/bicycle,935.242,1027.319,-5.862,-0.43
P4,285,28500,pedestrian/bicycle,934.655,1027.277,-5.888,-0.4
P4,286,28600,pedestrian/bicycle,934.065,1027.239,-5.912,-0.367
P4,287,28700,pedestrian/bicycle,933.473,1027.204,-5.929,-0.334
P4,288,28800,pedestrian/bicycle,932.879,1027.172,-5.937,-0.301
P4,289,28900,pedestrian/bicycle,932.286,1027.143,-5.937,-0.267
P4,290,29000,pedestrian/bicycle,931.692,1027.118,-5.933,-0.233
P4,291,29100,pedestrian/bicycle,931.099,1027.097,-5.926,-0.203
P4,292,29200,pedestrian/bicycle,930.507,1027.077,-5.917,-0.179
P4,293,29300,pedestrian/bicycle,929.916,1027.06,-5.909,-0.163
P4,294,29400,pedestrian/bicycle,929.325,1027.045,-5.903,-0.153
P4,295,29500,pedestrian/bicycle,928.736,1027.029,-5.891,-0.15
P4,296,29600,pedestrian/bicycle,928.148,1027.014,-5.863,-0.151
P4,297,29700,pedestrian/bicycle,927.564,1026.999,-5.814,-0.155
P4,298,29800,pedestrian/bicycle,926.986,1026.983,-5.742,-0.156
P4,299,29900,pedestrian/bicycle,926.417,1026.968,-5.65,-0.148
P4,300,30000,pedestrian/bicycle,925.858,1026.954,-5.531,-0.134
P4,301,30100,pedestrian/bicycle,925.312,1026.942,-5.372,-0.115
P4,302,30200,pedestrian/bicycle,924.785,1026.931,-5.172,-0.093
P4,303,30300,pedestrian/bicycle,924.28,1026.923,-4.935,-0.071
P4,304,30400,pedestrian/bicycle,923.8,1026.917,-4.67,-0.05
P4,305,30500,pedestrian/bicycle,923.347,1026.913,-4.389,-0.03
P4,306,30600,pedestrian/bicycle,922.922,1026.911,-4.111,-0.015
P4,307,30700,pedestrian/bicycle,922.523,1026.91,-3.866,-0.005
P4,308,30800,pedestrian/bicycle,922.145,1026.91,-3.686,0
P4,309,30900,pedestrian/bicycle,921.781,1026.91,-3.589,0.003
P4,310,31000,pedestrian/bicycle,921.424,1026.91,-3.561,0.003
P6,488,48800,pedestrian/bicycle,1060.776,1018.44,-10.636,3.211
P6,489,48900,pedestrian/bicycle,1059.714,1018.761,-10.61,3.221
P6,490,49000,pedestrian/bicycle,1058.654,1019.084,-10.59,3.232
P6,491,49100,pedestrian/bicycle,1057.595,1019.408,-10.578,3.243
P6,492,49200,pedestrian/bicycle,1056.538,1019.732,-10.574,3.252
P6,493,49300,pedestrian/bicycle,1055.48,1020.058,-10.582,3.255
P6,494,49400,pedestrian/bicycle,1054.421,1020.383,-10.604,3.251
P6,495,49500,pedestrian/bicycle,1053.359,1020.708,-10.639,3.24
P6,496,49600,pedestrian/bicycle,1052.292,1021.031,-10.683,3.219
P6,497,49700,pedestrian/bicycle,1051.222,1021.351,-10.734,3.187
P6,498,49800,pedestrian/bicycle,1050.145,1021.668,-10.792,3.148
P6,499,49900,pedestrian/bicycle,1049.063,1021.98,-10.856,3.101
P6,500,50000,pedestrian/bicycle,1047.974,1022.287,-10.921,3.046
P6,501,50100,pedestrian/bicycle,1046.879,1022.589,-10.982,2.987
P6,502,50200,pedestrian/bicycle,1045.778,1022.885,-11.034,2.927
P6,503,50300,pedestrian/bicycle,1044.673,1023.174,-11.072,2.865
P6,504,50400,pedestrian/bicycle,1043.564,1023.458,-11.093,2.802
P6,505,50500,pedestrian/bicycle,1042.455,1023.735,-11.091,2.737
P6,506,50600,pedestrian/bicycle,1041.348,1024.005,-11.06,2.674
P6,507,50700,pedestrian/bicycle,1040.244,1024.27,-11.005,2.612
P6,508,50800,pedestrian/bicycle,1039.148,1024.528,-10.93,2.552
P6,509,50900,pedestrian/bicycle,1038.059,1024.78,-10.838,2.492
P6,510,51000,pedestrian/bicycle,1036.981,1025.026,-10.732,2.436
P6,511,51100,pedestrian/bicycle,1035.913,1025.267,-10.614,2.386
P6,512,51200,pedestrian/bicycle,1034.858,1025.504,-10.488,2.344
P6,513,51300,pedestrian/bicycle,1033.816,1025.737,-10.357,2.314
P6,514,51400,pedestrian/bicycle,1032.787,1025.967,-10.221,2.297
P6,515,51500,pedestrian/bicycle,1031.772,1026.197,-10.082,2.291
P6,516,51600,pedestrian/bicycle,1030.77,1026.426,-9.95,2.296
P6,517,51700,pedestrian/bicycle,1029.782,1026.657,-9.827,2.315
P6,518,51800,pedestrian/bicycle,1028.804,1026.89,-9.717,2.354
P6,519,51900,pedestrian/bicycle,1027.837,1027.129,-9.63,2.419
P6,520,52000,pedestrian/bicycle,1026.877,1027.375,-9.569,2.509
P6,521,52100,pedestrian/bicycle,1025.922,1027.631,-9.542,2.619
P6,522,52200,pedestrian/bicycle,1024.969,1027.899,-9.519,2.732
P6,523,52300,pedestrian/bicycle,1024.019,1028.178,-9.472,2.842
P6,524,52400,pedestrian/bicycle,1023.075,1028.468,-9.415,2.955
P6,525,52500,pedestrian/bicycle,1022.136,1028.769,-9.358,3.074
P6,526,52600,pedestrian/bicycle,1021.203,1029.082,-9.309,3.195
P6,527,52700,pedestrian/bicycle,1020.273,1029.408,-9.274,3.316
P6,528,52800,pedestrian/bicycle,1019.347,1029.745,-9.259,3.434
P6,529,52900,pedestrian/bicycle,1018.42,1030.094,-9.268,3.545
P6,530,53000,pedestrian/bicycle,1017.492,1030.454,-9.3,3.641
P6,531,53100,pedestrian/bicycle,1016.559,1030.821,-9.351,3.716
P6,532,53200,pedestrian/bicycle,1015.621,1031.196,-9.419,3.766
P6,533,53300,pedestrian/bicycle,1014.675,1031.573,-9.5,3.786
P6,534,53400,pedestrian/bicycle,1013.72,1031.951,-9.593,3.776
P6,535,53500,pedestrian/bicycle,1012.756,1032.327,-9.687,3.736
P6,536,53600,pedestrian/bicycle,1011.783,1032.697,-9.78,3.664
P6,537,53700,pedestrian/bicycle,1010.8,1033.058,-9.87,3.56
P6,538,53800,pedestrian/bicycle,1009.809,1033.407,-9.961,3.425
P6,539,53900,pedestrian/bicycle,1008.808,1033.742,-10.054,3.258
P6,540,54000,pedestrian/bicycle,1007.798,1034.058,-10.143,3.063
P6,541,54100,pedestrian/bicycle,1006.78,1034.353,-10.223,2.844
P6,542,54200,pedestrian/bicycle,1005.754,1034.625,-10.295,2.607
P6,543,54300,pedestrian/bicycle,1004.721,1034.874,-10.359,2.356
P6,544,54400,pedestrian/bicycle,1003.683,1035.096,-10.416,2.095
P6,545,54500,pedestrian/bicycle,1002.638,1035.292,-10.467,1.826
P6,546,54600,pedestrian/bicycle,1001.59,1035.461,-10.51,1.557
P6,547,54700,pedestrian/bicycle,1000.537,1035.604,-10.539,1.291
P6,548,54800,pedestrian/bicycle,999.483,1035.72,-10.552,1.031
P6,549,54900,pedestrian/bicycle,998.428,1035.81,-10.546,0.779
P6,550,55000,pedestrian/bicycle,997.374,1035.876,-10.519,0.536
P6,551,55100,pedestrian/bicycle,996.325,1035.918,-10.474,0.304
P6,552,55200,pedestrian/bicycle,995.28,1035.938,-10.413,0.083
P6,553,55300,pedestrian/bicycle,994.243,1035.935,-10.339,-0.125
P6,554,55400,pedestrian/bicycle,993.213,1035.913,-10.254,-0.319
P6,555,55500,pedestrian/bicycle,992.193,1035.873,-10.159,-0.494
P6,556,55600,pedestrian/bicycle,991.182,1035.815,-10.058,-0.65
P6,557,55700,pedestrian/bicycle,990.182,1035.743,-9.946,-0.79
P6,558,55800,pedestrian/bicycle,989.193,1035.658,-9.823,-0.916
P6,559,55900,pedestrian/bicycle,988.217,1035.561,-9.69,-1.028
P6,560,56000,pedestrian/bicycle,987.255,1035.453,-9.55,-1.13
P6,561,56100,pedestrian/bicycle,986.308,1035.335,-9.4,-1.226
P6,562,56200,pedestrian/bicycle,985.376,1035.208,-9.244,-1.321
P6,563,56300,pedestrian/bicycle,984.459,1035.072,-9.082,-1.408
P6,564,56400,pedestrian/bicycle,983.56,1034.927,-8.913,-1.485
P6,565,56500,pedestrian/bicycle,982.677,1034.775,-8.737,-1.552
P6,566,56600,pedestrian/bicycle,981.812,1034.617,-8.559,-1.612
P6,567,56700,pedestrian/bicycle,980.965,1034.453,-8.385,-1.671
P6,568,56800,pedestrian/bicycle,980.135,1034.283,-8.221,-1.73
P6,569,56900,pedestrian/bicycle,979.32,1034.107,-8.069,-1.788
P6,570,57000,pedestrian/bicycle,978.52,1033.925,-7.932,-1.841
P6,571,57100,pedestrian/bicycle,977.733,1033.739,-7.806,-1.881
P6,572,57200,pedestrian/bicycle,976.959,1033.55,-7.687,-1.908
P6,573,57300,pedestrian/bicycle,976.196,1033.358,-7.571,-1.924
P6,574,57400,pedestrian/bicycle,975.444,1033.165,-7.462,-1.934
P6,575,57500,pedestrian/bicycle,974.703,1032.972,-7.36,-1.939
P6,576,57600,pedestrian/bicycle,973.972,1032.778,-7.261,-1.937
P6,577,57700,pedestrian/bicycle,973.251,1032.585,-7.166,-1.925
P6,578,57800,pedestrian/bicycle,972.539,1032.393,-7.074,-1.905
P6,579,57900,pedestrian/bicycle,971.836,1032.204,-6.987,-1.88
P6,580,58000,pedestrian/bicycle,971.141,1032.017,-6.902,-1.851
P6,581,58100,pedestrian/bicycle,970.455,1031.834,-6.823,-1.815
P6,582,58200,pedestrian/bicycle,969.776,1031.655,-6.751,-1.77
P6,583,58300,pedestrian/bicycle,969.104,1031.48,-6.686,-1.718
P6,584,58400,pedestrian/bicycle,968.439,1031.311,-6.624,-1.665
P6,585,58500,pedestrian/bicycle,967.779,1031.147,-6.569,-1.611
P6,586,58600,pedestrian/bicycle,967.124,1030.989,-6.525,-1.56
P6,587,58700,pedestrian/bicycle,966.473,1030.835,-6.495,-1.513
P6,588,58800,pedestrian/bicycle,965.825,1030.686,-6.483,-1.467
P6,589,58900,pedestrian/bicycle,965.176,1030.542,-6.493,-1.42
P6,590,59000,pedestrian/bicycle,964.525,1030.402,-6.529,-1.371
P6,591,59100,pedestrian/bicycle,963.868,1030.268,-6.598,-1.317
P6,592,59200,pedestrian/bicycle,963.203,1030.14,-6.702,-1.253
P6,593,59300,pedestrian/bicycle,962.527,1030.018,-6.829,-1.189
P6,594,59400,pedestrian/bicycle,961.837,1029.901,-6.964,-1.138
P6,595,59500,pedestrian/bicycle,961.134,1029.789,-7.103,-1.096
P6,596,59600,pedestrian/bicycle,960.416,1029.681,-7.244,-1.066
P6,597,59700,pedestrian/bicycle,959.685,1029.576,-7.38,-1.046
P6,598,59800,pedestrian/bicycle,958.941,1029.472,-7.508,-1.036
P6,599,59900,pedestrian/bicycle,958.184,1029.368,-7.631,-1.036
P6,600,60000,pedestrian/bicycle,957.414,1029.264,-7.751,-1.042
P6,601,60100,pedestrian/bicycle,956.634,1029.16,-7.863,-1.047
P6,602,60200,pedestrian/bicycle,955.842,1029.055,-7.965,-1.047
P6,603,60300,pedestrian/bicycle,955.041,1028.951,-8.056,-1.04
P6,604,60400,pedestrian/bicycle,954.232,1028.848,-8.131,-1.023
P6,605,60500,pedestrian/bicycle,953.416,1028.747,-8.185,-0.994
P6,606,60600,pedestrian/bicycle,952.596,1028.649,-8.216,-0.955
P6,607,60700,pedestrian/bicycle,951.774,1028.556,-8.224,-0.91
P6,608,60800,pedestrian/bicycle,950.953,1028.467,-8.206,-0.863
P6,609,60900,pedestrian/bicycle,950.134,1028.383,-8.16,-0.818
P6,610,61000,pedestrian/bicycle,949.322,1028.304,-8.093,-0.774
P6,611,61100,pedestrian/bicycle,948.517,1028.229,-8.01,-0.728
P6,612,61200,pedestrian/bicycle,947.72,1028.158,-7.911,-0.684
P6,613,61300,pedestrian/bicycle,946.935,1028.092,-7.806,-0.645
P6,614,61400,pedestrian/bicycle,946.159,1028.029,-7.699,-0.613
P6,615,61500,pedestrian/bicycle,945.395,1027.969,-7.596,-0.588
P6,616,61600,pedestrian/bicycle,944.64,1027.911,-7.498,-0.569
P6,617,61700,pedestrian/bicycle,943.895,1027.855,-7.409,-0.549
P6,618,61800,pedestrian/bicycle,943.157,1027.801,-7.336,-0.522
P6,619,61900,pedestrian/bicycle,942.426,1027.751,-7.284,-0.492
P6,620,62000,pedestrian/bicycle,941.699,1027.703,-7.261,-0.462
P6,621,62100,pedestrian/bicycle,940.972,1027.658,-7.283,-0.435
P6,622,62200,pedestrian/bicycle,940.239,1027.616,-7.367,-0.409
P6,623,62300,pedestrian/bicycle,939.496,1027.576,-7.506,-0.381
P6,624,62400,pedestrian/bicycle,938.739,1027.54,-7.631,-0.346
P6,625,62500,pedestrian/bicycle,937.973,1027.507,-7.695,-0.304
P6,626,62600,pedestrian/bicycle,937.202,1027.479,-7.706,-0.262
P6,627,62700,pedestrian/bicycle,936.433,1027.455,-7.683,-0.223
P6,628,62800,pedestrian/bicycle,935.666,1027.434,-7.65,-0.195
P6,629,62900,pedestrian/bicycle,934.903,1027.415,-7.627,-0.178
P6,630,63000,pedestrian/bicycle,934.14,1027.398,-7.616,-0.169
P6,631,63100,pedestrian/bicycle,933.379,1027.381,-7.616,-0.165
P6,632,63200,pedestrian/bicycle,932.617,1027.365,-7.623,-0.163
P6,633,63300,pedestrian/bicycle,931.854,1027.349,-7.63,-0.158
P6,634,63400,pedestrian/bicycle,931.091,1027.333,-7.631,-0.147
P6,635,63500,pedestrian/bicycle,930.329,1027.32,-7.618,-0.129
P6,636,63600,pedestrian/bicycle,929.569,1027.308,-7.583,-0.108
P6,637,63700,pedestrian/bicycle,928.814,1027.298,-7.519,-0.087
P6,638,63800,pedestrian/bicycle,928.067,1027.29,-7.419,-0.069
P6,639,63900,pedestrian/bicycle,927.332,1027.284,-7.274,-0.052
P6,640,64000,pedestrian/bicycle,926.614,1027.28,-7.081,-0.04
P6,641,64100,pedestrian/bicycle,925.919,1027.276,-6.834,-0.031
P6,642,64200,pedestrian/bicycle,925.25,1027.273,-6.531,-0.024
P6,643,64300,pedestrian/bicycle,924.614,1027.271,-6.186,-0.016
P6,644,64400,pedestrian/bicycle,924.014,1027.27,-5.832,-0.006
P6,645,64500,pedestrian/bicycle,923.446,1027.27,-5.511,0.004
P6,646,64600,pedestrian/bicycle,922.907,1027.271,-5.271,0.009
P6,647,64700,pedestrian/bicycle,922.387,1027.272,-5.139,0.011
P6,648,64800,pedestrian/bicycle,921.875,1027.273,-5.101,0.011
P2,1,100,pedestrian/bicycle,972.391,1000.373,-1.375,0.84
P2,2,200,pedestrian/bicycle,972.258,1000.457,-1.288,0.848
P2,3,300,pedestrian/bicycle,972.134,1000.542,-1.204,0.849
P2,4,400,pedestrian/bicycle,972.017,1000.626,-1.128,0.837
P2,5,500,pedestrian/bicycle,971.907,1000.708,-1.068,0.804
P2,6,600,pedestrian/bicycle,971.802,1000.786,-1.026,0.752
P2,7,700,pedestrian/bicycle,971.701,1000.858,-0.998,0.688
P2,8,800,pedestrian/bicycle,971.602,1000.923,-0.976,0.62
P2,9,900,pedestrian/bicycle,971.506,1000.982,-0.96,0.546
P2,10,1000,pedestrian/bicycle,971.41,1001.033,-0.957,0.472
P2,11,1100,pedestrian/bicycle,971.314,1001.076,-0.969,0.397
P2,12,1200,pedestrian/bicycle,971.216,1001.112,-0.992,0.323
P2,13,1300,pedestrian/bicycle,971.115,1001.141,-1.017,0.254
P2,14,1400,pedestrian/bicycle,971.012,1001.163,-1.037,0.195
P2,15,1500,pedestrian/bicycle,970.908,1001.181,-1.046,0.152
P2,16,1600,pedestrian/bicycle,970.804,1001.195,-1.046,0.133
P2,17,1700,pedestrian/bicycle,970.699,1001.209,-1.043,0.137
P2,18,1800,pedestrian/bicycle,970.595,1001.223,-1.042,0.157
P2,19,1900,pedestrian/bicycle,970.491,1001.241,-1.042,0.197
P2,20,2000,pedestrian/bicycle,970.387,1001.264,-1.041,0.257
P2,21,2100,pedestrian/bicycle,970.282,1001.293,-1.044,0.337
P2,22,2200,pedestrian/bicycle,970.177,1001.332,-1.052,0.44
P2,23,2300,pedestrian/bicycle,970.072,1001.382,-1.064,0.56
P2,24,2400,pedestrian/bicycle,969.964,1001.444,-1.079,0.685
P2,25,2500,pedestrian/bicycle,969.856,1001.518,-1.094,0.793
P2,26,2600,pedestrian/bicycle,969.746,1001.602,-1.102,0.874
P2,27,2700,pedestrian/bicycle,969.636,1001.692,-1.105,0.929
P2,28,2800,pedestrian/bicycle,969.525,1001.786,-1.103,0.964
P2,29,2900,pedestrian/bicycle,969.415,1001.884,-1.099,0.984
P2,30,3000,pedestrian/bicycle,969.306,1001.983,-1.092,0.998
P2,31,3100,pedestrian/bicycle,969.197,1002.084,-1.082,1.015
P2,32,3200,pedestrian/bicycle,969.089,1002.186,-1.07,1.032
P2,33,3300,pedestrian/bicycle,968.983,1002.29,-1.062,1.045
P2,34,3400,pedestrian/bicycle,968.877,1002.394,-1.06,1.047
P2,35,3500,pedestrian/bicycle,968.771,1002.498,-1.063,1.029
P2,36,3600,pedestrian/bicycle,968.664,1002.599,-1.064,0.98
P2,37,3700,pedestrian/bicycle,968.558,1002.693,-1.062,0.9
P2,38,3800,pedestrian/bicycle,968.452,1002.778,-1.057,0.799
P2,39,3900,pedestrian/bicycle,968.347,1002.852,-1.052,0.685
P2,40,4000,pedestrian/bicycle,968.242,1002.914,-1.045,0.568
P2,41,4100,pedestrian/bicycle,968.138,1002.966,-1.032,0.459
P2,42,4200,pedestrian/bicycle,968.035,1003.007,-1.016,0.359
P2,43,4300,pedestrian/bicycle,967.935,1003.038,-1,0.265
P2,44,4400,pedestrian/bicycle,967.835,1003.06,-0.988,0.175
P2,45,4500,pedestrian/bicycle,967.737,1003.073,-0.977,0.085
P2,46,4600,pedestrian/bicycle,967.64,1003.077,-0.962,-0.004
P2,47,4700,pedestrian/bicycle,967.545,1003.073,-0.945,-0.082
P2,48,4800,pedestrian/bicycle,967.451,1003.062,-0.924,-0.137
P2,49,4900,pedestrian/bicycle,967.36,1003.047,-0.901,-0.165
P2,50,5000,pedestrian/bicycle,967.271,1003.03,-0.887,-0.177
P2,51,5100,pedestrian/bicycle,967.182,1003.012,-0.882,-0.18
P5,426,42600,pedestrian/bicycle,967.516,1003.082,0.862,-0.533
P5,427,42700,pedestrian/bicycle,967.606,1003.029,0.933,-0.528
P5,428,42800,pedestrian/bicycle,967.702,1002.976,1.002,-0.527
P5,429,42900,pedestrian/bicycle,967.805,1002.923,1.061,-0.535
P5,430,43000,pedestrian/bicycle,967.914,1002.868,1.105,-0.553
P5,431,43100,pedestrian/bicycle,968.026,1002.812,1.134,-0.58
P5,432,43200,pedestrian/bicycle,968.14,1002.752,1.152,-0.613
P5,433,43300,pedestrian/bicycle,968.256,1002.689,1.161,-0.646
P5,434,43400,pedestrian/bicycle,968.371,1002.623,1.156,-0.678
P5,435,43500,pedestrian/bicycle,968.486,1002.553,1.128,-0.715
P5,436,43600,pedestrian/bicycle,968.596,1002.48,1.085,-0.76
P5,437,43700,pedestrian/bicycle,968.703,1002.402,1.041,-0.802
P5,438,43800,pedestrian/bicycle,968.805,1002.32,1.009,-0.829
P5,439,43900,pedestrian/bicycle,968.905,1002.236,0.99,-0.843
P5,440,44000,pedestrian/bicycle,969.003,1002.152,0.977,-0.852
P5,441,44100,pedestrian/bicycle,969.101,1002.066,0.968,-0.86
P5,442,44200,pedestrian/bicycle,969.197,1001.98,0.964,-0.864
P5,443,44300,pedestrian/bicycle,969.294,1001.894,0.969,-0.86
P5,444,44400,pedestrian/bicycle,969.392,1001.808,0.981,-0.847
P5,445,44500,pedestrian/bicycle,969.49,1001.725,0.991,-0.827
P5,446,44600,pedestrian/bicycle,969.589,1001.643,0.989,-0.803
P5,447,44700,pedestrian/bicycle,969.688,1001.564,0.981,-0.78
P5,448,44800,pedestrian/bicycle,969.785,1001.487,0.975,-0.759
P5,449,44900,pedestrian/bicycle,969.883,1001.412,0.972,-0.739
P5,450,45000,pedestrian/bicycle,969.98,1001.339,0.972,-0.721
P5,451,45100,pedestrian/bicycle,970.077,1001.268,0.974,-0.71
P5,452,45200,pedestrian/bicycle,970.175,1001.197,0.981,-0.707
P5,453,45300,pedestrian/bicycle,970.274,1001.126,0.992,-0.708
P5,454,45400,pedestrian/bicycle,970.373,1001.055,1.005,-0.712
P5,455,45500,pedestrian/bicycle,970.475,1000.983,1.016,-0.721
P5,456,45600,pedestrian/bicycle,970.577,1000.91,1.023,-0.737
P5,457,45700,pedestrian/bicycle,970.679,1000.836,1.026,-0.76
P5,458,45800,pedestrian/bicycle,970.782,1000.758,1.026,-0.79
P5,459,45900,pedestrian/bicycle,970.884,1000.678,1.025,-0.82
P5,460,46000,pedestrian/bicycle,970.986,1000.594,1.018,-0.852
P5,461,46100,pedestrian/bicycle,971.087,1000.507,1.002,-0.89
P5,462,46200,pedestrian/bicycle,971.186,1000.416,0.974,-0.935
P5,463,46300,pedestrian/bicycle,971.282,1000.32,0.945,-0.981
P5,464,46400,pedestrian/bicycle,971.375,1000.22,0.926,-1.019
P5,465,46500,pedestrian/bicycle,971.468,1000.117,0.916,-1.047
P5,466,46600,pedestrian/bicycle,971.559,1000.011,0.907,-1.068
P5,467,46700,pedestrian/bicycle,971.649,999.903,0.895,-1.084
P5,468,46800,pedestrian/bicycle,971.738,999.795,0.883,-1.089
P5,469,46900,pedestrian/bicycle,971.825,999.686,0.869,-1.083
P5,470,47000,pedestrian/bicycle,971.911,999.578,0.853,-1.068
P5,471,47100,pedestrian/bicycle,971.996,999.473,0.833,-1.048
P5,472,47200,pedestrian/bicycle,972.078,999.369,0.812,-1.024
P5,473,47300,pedestrian/bicycle,972.159,999.268,0.798,-0.996
P5,474,47400,pedestrian/bicycle,972.238,999.17,0.798,-0.963
P5,475,47500,pedestrian/bicycle,972.319,999.076,0.817,-0.924
P5,476,47600,pedestrian/bicycle,972.403,998.985,0.856,-0.883
P5,477,47700,pedestrian/bicycle,972.491,998.899,0.911,-0.842
P5,478,47800,pedestrian/bicycle,972.585,998.817,0.971,-0.805
P5,479,47900,pedestrian/bicycle,972.685,998.738,1.029,-0.773
P5,480,48000,pedestrian/bicycle,972.791,998.662,1.082,-0.744
P5,481,48100,pedestrian/bicycle,972.901,998.589,1.128,-0.722
P5,482,48200,pedestrian/bicycle,973.016,998.517,1.162,-0.709
P5,483,48300,pedestrian/bicycle,973.133,998.446,1.187,-0.706
P5,484,48400,pedestrian/bicycle,973.252,998.375,1.197,-0.713
P5,485,48500,pedestrian/bicycle,973.371,998.303,1.186,-0.733
P5,486,48600,pedestrian/bicycle,973.488,998.228,1.151,-0.765
P5,487,48700,pedestrian/bicycle,973.601,998.15,1.098,-0.804
P5,488,48800,pedestrian/bicycle,973.708,998.067,1.04,-0.845
P5,489,48900,pedestrian/bicycle,973.809,997.981,0.981,-0.888
P5,490,49000,pedestrian/bicycle,973.904,997.889,0.919,-0.938
P5,491,49100,pedestrian/bicycle,973.992,997.793,0.85,-0.996
P5,492,49200,pedestrian/bicycle,974.073,997.69,0.772,-1.065
P5,493,49300,pedestrian/bicycle,974.146,997.579,0.69,-1.141
P5,494,49400,pedestrian/bicycle,974.211,997.461,0.605,-1.217
P5,495,49500,pedestrian/bicycle,974.267,997.336,0.516,-1.288
P5,496,49600,pedestrian/bicycle,974.314,997.204,0.421,-1.355
P5,497,49700,pedestrian/bicycle,974.351,997.065,0.325,-1.418
P5,498,49800,pedestrian/bicycle,974.379,996.921,0.237,-1.473
P5,499,49900,pedestrian/bicycle,974.399,996.772,0.167,-1.511
P5,500,50000,pedestrian/bicycle,974.414,996.62,0.12,-1.527
P5,501,50100,pedestrian/bicycle,974.425,996.467,0.101,-1.521
P5,502,50200,pedestrian/bicycle,974.435,996.316,0.11,-1.498
P5,503,50300,pedestrian/bicycle,974.448,996.168,0.142,-1.461
P5,504,50400,pedestrian/bicycle,974.465,996.025,0.194,-1.409
P5,505,50500,pedestrian/bicycle,974.488,995.888,0.267,-1.338
P5,506,50600,pedestrian/bicycle,974.519,995.758,0.361,-1.249
P5,507,50700,pedestrian/bicycle,974.561,995.639,0.478,-1.146
P5,508,50800,pedestrian/bicycle,974.616,995.53,0.616,-1.035
P5,509,50900,pedestrian/bicycle,974.685,995.432,0.768,-0.919
P5,510,51000,pedestrian/bicycle,974.77,995.346,0.926,-0.805
P5,511,51100,pedestrian/bicycle,974.87,995.27,1.081,-0.701
P5,512,51200,pedestrian/bicycle,974.985,995.204,1.224,-0.616
P5,513,51300,pedestrian/bicycle,975.113,995.146,1.337,-0.563
P5,514,51400,pedestrian/bicycle,975.25,995.09,1.4,-0.554
P5,515,51500,pedestrian/bicycle,975.39,995.032,1.386,-0.6
P5,516,51600,pedestrian/bicycle,975.524,994.967,1.298,-0.694
P5,517,51700,pedestrian/bicycle,975.647,994.892,1.165,-0.817
P5,518,51800,pedestrian/bicycle,975.756,994.803,1.013,-0.949
P5,519,51900,pedestrian/bicycle,975.85,994.703,0.867,-1.067
P5,520,52000,pedestrian/bicycle,975.93,994.592,0.748,-1.154
P5,521,52100,pedestrian/bicycle,976.001,994.474,0.664,-1.208
P5,522,52200,pedestrian/bicycle,976.064,994.351,0.605,-1.238
P5,523,52300,pedestrian/bicycle,976.123,994.227,0.563,-1.246
P5,524,52400,pedestrian/bicycle,976.178,994.103,0.532,-1.234
P5,525,52500,pedestrian/bicycle,976.23,993.981,0.513,-1.206
P5,526,52600,pedestrian/bicycle,976.281,993.862,0.502,-1.17
P5,527,52700,pedestrian/bicycle,976.331,993.747,0.497,-1.135
P5,528,52800,pedestrian/bicycle,976.38,993.635,0.501,-1.104
P5,529,52900,pedestrian/bicycle,976.431,993.526,0.514,-1.077
P5,530,53000,pedestrian/bicycle,976.484,993.42,0.534,-1.055
P5,531,53100,pedestrian/bicycle,976.538,993.315,0.557,-1.038
P5,532,53200,pedestrian/bicycle,976.595,993.211,0.577,-1.03
P5,533,53300,pedestrian/bicycle,976.653,993.108,0.59,-1.033
P5,534,53400,pedestrian/bicycle,976.712,993.004,0.595,-1.048
P5,535,53500,pedestrian/bicycle,976.772,992.898,0.595,-1.07
P5,536,53600,pedestrian/bicycle,976.831,992.79,0.589,-1.092
P5,537,53700,pedestrian/bicycle,976.889,992.68,0.573,-1.115
P5,538,53800,pedestrian/bicycle,976.945,992.567,0.551,-1.142
P5,539,53900,pedestrian/bicycle,976.999,992.452,0.524,-1.171
P5,540,54000,pedestrian/bicycle,977.05,992.333,0.495,-1.201
P5,541,54100,pedestrian/bicycle,977.098,992.211,0.463,-1.227
P5,542,54200,pedestrian/bicycle,977.142,992.088,0.426,-1.249
P5,543,54300,pedestrian/bicycle,977.183,991.962,0.389,-1.265
P5,544,54400,pedestrian/bicycle,977.22,991.835,0.355,-1.275
P5,545,54500,pedestrian/bicycle,977.254,991.707,0.321,-1.279
P5,546,54600,pedestrian/bicycle,977.285,991.58,0.286,-1.277
P5,547,54700,pedestrian/bicycle,977.312,991.452,0.256,-1.271
P5,548,54800,pedestrian/bicycle,977.336,991.325,0.237,-1.266
P5,549,54900,pedestrian/bicycle,977.36,991.199,0.233,-1.262
P5,550,55000,pedestrian/bicycle,977.384,991.073,0.243,-1.258
P5,551,55100,pedestrian/bicycle,977.409,990.947,0.267,-1.255
P5,552,55200,pedestrian/bicycle,977.438,990.822,0.304,-1.249
P5,553,55300,pedestrian/bicycle,977.471,990.698,0.353,-1.24
P5,554,55400,pedestrian/bicycle,977.509,990.574,0.407,-1.229
P5,555,55500,pedestrian/bicycle,977.552,990.452,0.46,-1.215
P5,556,55600,pedestrian/bicycle,977.6,990.332,0.505,-1.195
P5,557,55700,pedestrian/bicycle,977.652,990.213,0.538,-1.168
P5,558,55800,pedestrian/bicycle,977.707,990.098,0.559,-1.136
P5,559,55900,pedestrian/bicycle,977.763,989.987,0.566,-1.099
P5,560,56000,pedestrian/bicycle,977.82,989.879,0.562,-1.056
P5,561,56100,pedestrian/bicycle,977.875,989.776,0.545,-1.007
P5,562,56200,pedestrian/bicycle,977.928,989.678,0.516,-0.954
P5,563,56300,pedestrian/bicycle,977.978,989.585,0.485,-0.903
P5,564,56400,pedestrian/bicycle,978.025,989.497,0.457,-0.858
P5,565,56500,pedestrian/bicycle,978.07,989.413,0.437,-0.823
P5,566,56600,pedestrian/bicycle,978.113,989.331,0.426,-0.803
P5,567,56700,pedestrian/bicycle,978.155,989.251,0.422,-0.797
P7,538,53800,pedestrian/bicycle,1012.803,999.902,-0.91,-0.691
P7,539,53900,pedestrian/bicycle,1012.708,999.834,-0.985,-0.657
P7,540,54000,pedestrian/bicycle,1012.606,999.77,-1.064,-0.624
P7,541,54100,pedestrian/bicycle,1012.495,999.71,-1.151,-0.587
P7,542,54200,pedestrian/bicycle,1012.375,999.653,-1.252,-0.546
P7,543,54300,pedestrian/bicycle,1012.245,999.6,-1.358,-0.506
P7,544,54400,pedestrian/bicycle,1012.104,999.551,-1.459,-0.472
P7,545,54500,pedestrian/bicycle,1011.954,999.506,-1.543,-0.44
P7,546,54600,pedestrian/bicycle,1011.796,999.463,-1.6,-0.414
P7,547,54700,pedestrian/bicycle,1011.635,999.422,-1.626,-0.402
P7,548,54800,pedestrian/bicycle,1011.473,999.382,-1.622,-0.409
P7,549,54900,pedestrian/bicycle,1011.312,999.34,-1.597,-0.426
P7,550,55000,pedestrian/bicycle,1011.154,999.296,-1.552,-0.454
P7,551,55100,pedestrian/bicycle,1011.002,999.249,-1.491,-0.492
P7,552,55200,pedestrian/bicycle,1010.857,999.197,-1.416,-0.538
P7,553,55300,pedestrian/bicycle,1010.719,999.141,-1.327,-0.59
P7,554,55400,pedestrian/bicycle,1010.592,999.079,-1.23,-0.646
P7,555,55500,pedestrian/bicycle,1010.474,999.012,-1.129,-0.704
P7,556,55600,pedestrian/bicycle,1010.366,998.938,-1.026,-0.765
P7,557,55700,pedestrian/bicycle,1010.268,998.859,-0.927,-0.829
P7,558,55800,pedestrian/bicycle,1010.18,998.772,-0.831,-0.894
P7,559,55900,pedestrian/bicycle,1010.102,998.68,-0.733,-0.962
P7,560,56000,pedestrian/bicycle,1010.034,998.58,-0.638,-1.033
P7,561,56100,pedestrian/bicycle,1009.974,998.473,-0.561,-1.099
P7,562,56200,pedestrian/bicycle,1009.92,998.361,-0.521,-1.145
P7,563,56300,pedestrian/bicycle,1009.867,998.246,-0.533,-1.157
P7,564,56400,pedestrian/bicycle,1009.811,998.131,-0.592,-1.137
P7,565,56500,pedestrian/bicycle,1009.747,998.02,-0.672,-1.095
P7,566,56600,pedestrian/bicycle,1009.676,997.913,-0.755,-1.042
P7,567,56700,pedestrian/bicycle,1009.597,997.811,-0.834,-0.984
P7,568,56800,pedestrian/bicycle,1009.51,997.716,-0.904,-0.924
P7,569,56900,pedestrian/bicycle,1009.416,997.626,-0.961,-0.869
P7,570,57000,pedestrian/bicycle,1009.318,997.542,-1.003,-0.828
P7,571,57100,pedestrian/bicycle,1009.216,997.46,-1.033,-0.797
P7,572,57200,pedestrian/bicycle,1009.112,997.382,-1.055,-0.779
P7,573,57300,pedestrian/bicycle,1009.006,997.304,-1.072,-0.773
P7,574,57400,pedestrian/bicycle,1008.898,997.227,-1.083,-0.775
P7,575,57500,pedestrian/bicycle,1008.789,997.149,-1.09,-0.778
P7,576,57600,pedestrian/bicycle,1008.68,997.071,-1.098,-0.782
P7,577,57700,pedestrian/bicycle,1008.57,996.992,-1.108,-0.786
P7,578,57800,pedestrian/bicycle,1008.458,996.914,-1.123,-0.789
P7,579,57900,pedestrian/bicycle,1008.345,996.835,-1.142,-0.79
P7,580,58000,pedestrian/bicycle,1008.229,996.756,-1.163,-0.783
P7,581,58100,pedestrian/bicycle,1008.112,996.679,-1.183,-0.766
P7,582,58200,pedestrian/bicycle,1007.993,996.603,-1.196,-0.74
P7,583,58300,pedestrian/bicycle,1007.874,996.531,-1.198,-0.705
P7,584,58400,pedestrian/bicycle,1007.754,996.463,-1.186,-0.664
P7,585,58500,pedestrian/bicycle,1007.637,996.398,-1.152,-0.624
P7,586,58600,pedestrian/bicycle,1007.526,996.337,-1.085,-0.592
P7,587,58700,pedestrian/bicycle,1007.423,996.279,-0.976,-0.573
P7,588,58800,pedestrian/bicycle,1007.332,996.222,-0.832,-0.563
P7,589,58900,pedestrian/bicycle,1007.256,996.167,-0.683,-0.556
P7,590,59000,pedestrian/bicycle,1007.194,996.111,-0.564,-0.546
P7,591,59100,pedestrian/bicycle,1007.141,996.057,-0.491,-0.535
P7,592,59200,pedestrian/bicycle,1007.094,996.004,-0.457,-0.527
P7,593,59300,pedestrian/bicycle,1007.049,995.952,-0.448,-0.525
P8,565,56500,pedestrian/bicycle,998.552,986.934,0.817,1.038
P8,566,56600,pedestrian/bicycle,998.634,987.039,0.825,1.063
P8,567,56700,pedestrian/bicycle,998.717,987.146,0.834,1.087
P8,568,56800,pedestrian/bicycle,998.801,987.256,0.841,1.111
P8,569,56900,pedestrian/bicycle,998.885,987.369,0.845,1.134
P8,570,57000,pedestrian/bicycle,998.969,987.483,0.845,1.15
P8,571,57100,pedestrian/bicycle,999.054,987.598,0.841,1.159
P8,572,57200,pedestrian/bicycle,999.137,987.714,0.833,1.162
P8,573,57300,pedestrian/bicycle,999.22,987.831,0.824,1.165
P8,574,57400,pedestrian/bicycle,999.302,987.947,0.818,1.165
P8,575,57500,pedestrian/bicycle,999.384,988.063,0.819,1.155
P8,576,57600,pedestrian/bicycle,999.466,988.178,0.825,1.135
P8,577,57700,pedestrian/bicycle,999.549,988.29,0.835,1.111
P8,578,57800,pedestrian/bicycle,999.634,988.4,0.848,1.09
P8,579,57900,pedestrian/bicycle,999.719,988.508,0.864,1.073
P8,580,58000,pedestrian/bicycle,999.806,988.615,0.88,1.061
P8,581,58100,pedestrian/bicycle,999.895,988.72,0.898,1.05
P8,582,58200,pedestrian/bicycle,999.986,988.825,0.918,1.043
P8,583,58300,pedestrian/bicycle,1000.079,988.93,0.933,1.044
P8,584,58400,pedestrian/bicycle,1000.172,989.034,0.936,1.052
P8,585,58500,pedestrian/bicycle,1000.265,989.14,0.925,1.064
P8,586,58600,pedestrian/bicycle,1000.356,989.247,0.903,1.077
P8,587,58700,pedestrian/bicycle,1000.445,989.355,0.874,1.085
P8,588,58800,pedestrian/bicycle,1000.531,989.464,0.84,1.086
P8,589,58900,pedestrian/bicycle,1000.613,989.572,0.802,1.083
P8,590,59000,pedestrian/bicycle,1000.691,989.68,0.764,1.072
P8,591,59100,pedestrian/bicycle,1000.766,989.786,0.724,1.051
P8,592,59200,pedestrian/bicycle,1000.836,989.89,0.683,1.019
P8,593,59300,pedestrian/bicycle,1000.902,989.99,0.637,0.979
P8,594,59400,pedestrian/bicycle,1000.964,990.085,0.59,0.935
P8,595,59500,pedestrian/bicycle,1001.021,990.177,0.55,0.893
P8,596,59600,pedestrian/bicycle,1001.074,990.264,0.521,0.86
P8,597,59700,pedestrian/bicycle,1001.125,990.349,0.506,0.841
P8,598,59800,pedestrian/bicycle,1001.176,990.433,0.501,0.835
P9,641,64100,pedestrian/bicycle,1000.882,991.197,-0.577,-1.037
P9,642,64200,pedestrian/bicycle,1000.823,991.093,-0.593,-1.054
P9,643,64300,pedestrian/bicycle,1000.763,990.987,-0.606,-1.07
P9,644,64400,pedestrian/bicycle,1000.702,990.879,-0.618,-1.089
P9,645,64500,pedestrian/bicycle,1000.64,990.769,-0.624,-1.111
P9,646,64600,pedestrian/bicycle,1000.578,990.656,-0.619,-1.136
P9,647,64700,pedestrian/bicycle,1000.517,990.541,-0.601,-1.163
P9,648,64800,pedestrian/bicycle,1000.458,990.424,-0.575,-1.195
P9,649,64900,pedestrian/bicycle,1000.402,990.302,-0.543,-1.23
P9,650,65000,pedestrian/bicycle,1000.35,990.178,-0.509,-1.265
P9,651,65100,pedestrian/bicycle,1000.3,990.05,-0.48,-1.293
P9,652,65200,pedestrian/bicycle,1000.253,989.919,-0.458,-1.311
P9,653,65300,pedestrian/bicycle,1000.208,989.788,-0.441,-1.319
P9,654,65400,pedestrian/bicycle,1000.165,989.656,-0.433,-1.316
P9,655,65500,pedestrian/bicycle,1000.121,989.525,-0.438,-1.304
P9,656,65600,pedestrian/bicycle,1000.076,989.396,-0.459,-1.285
P9,657,65700,pedestrian/bicycle,1000.028,989.268,-0.494,-1.264
P9,658,65800,pedestrian/bicycle,999.977,989.143,-0.538,-1.245
P9,659,65900,pedestrian/bicycle,999.921,989.019,-0.587,-1.23
P9,660,66000,pedestrian/bicycle,999.86,988.896,-0.634,-1.221
P9,661,66100,pedestrian/bicycle,999.794,988.775,-0.673,-1.215
P9,662,66200,pedestrian/bicycle,999.726,988.653,-0.7,-1.214
P9,663,66300,pedestrian/bicycle,999.655,988.532,-0.715,-1.219
P9,664,66400,pedestrian/bicycle,999.583,988.409,-0.715,-1.23
P9,665,66500,pedestrian/bicycle,999.512,988.285,-0.708,-1.244
P9,666,66600,pedestrian/bicycle,999.442,988.16,-0.7,-1.258
P9,667,66700,pedestrian/bicycle,999.372,988.034,-0.696,-1.266
P9,668,66800,pedestrian/bicycle,999.302,987.908,-0.698,-1.262
P9,669,66900,pedestrian/bicycle,999.232,987.782,-0.704,-1.248
P9,670,67000,pedestrian/bicycle,999.162,987.659,-0.71,-1.223
P9,671,67100,pedestrian/bicycle,999.091,987.538,-0.71,-1.185
P9,672,67200,pedestrian/bicycle,999.02,987.422,-0.703,-1.136
P9,673,67300,pedestrian/bicycle,998.95,987.312,-0.686,-1.078
P9,674,67400,pedestrian/bicycle,998.883,987.207,-0.661,-1.017
P9,675,67500,pedestrian/bicycle,998.819,987.108,-0.631,-0.955
P9,676,67600,pedestrian/bicycle,998.757,987.015,-0.596,-0.898
P9,677,67700,pedestrian/bicycle,998.699,986.928,-0.563,-0.848
P9,678,67800,pedestrian/bicycle,998.644,986.845,-0.538,-0.811
P9,679,67900,pedestrian/bicycle,998.591,986.765,-0.525,-0.791
P9,680,68000,pedestrian/bicycle,998.539,986.686,-0.521,-0.785
P11,651,65100,pedestrian/bicycle,1007.009,995.955,0.86,1.438
P11,652,65200,pedestrian/bicycle,1007.097,996.096,0.882,1.392
P11,653,65300,pedestrian/bicycle,1007.186,996.234,0.899,1.351
P11,654,65400,pedestrian/bicycle,1007.276,996.367,0.911,1.311
P11,655,65500,pedestrian/bicycle,1007.367,996.496,0.915,1.275
P11,656,65600,pedestrian/bicycle,1007.459,996.622,0.909,1.246
P11,657,65700,pedestrian/bicycle,1007.549,996.746,0.893,1.224
P11,658,65800,pedestrian/bicycle,1007.637,996.867,0.868,1.205
P11,659,65900,pedestrian/bicycle,1007.722,996.987,0.837,1.188
P11,660,66000,pedestrian/bicycle,1007.804,997.105,0.8,1.178
P11,661,66100,pedestrian/bicycle,1007.882,997.223,0.761,1.18
P11,662,66200,pedestrian/bicycle,1007.956,997.341,0.722,1.19
P11,663,66300,pedestrian/bicycle,1008.026,997.461,0.68,1.203
P11,664,66400,pedestrian/bicycle,1008.092,997.582,0.638,1.215
P11,665,66500,pedestrian/bicycle,1008.154,997.704,0.598,1.224
P11,666,66600,pedestrian/bicycle,1008.212,997.827,0.562,1.238
P11,667,66700,pedestrian/bicycle,1008.266,997.952,0.533,1.258
P11,668,66800,pedestrian/bicycle,1008.319,998.079,0.514,1.283
P11,669,66900,pedestrian/bicycle,1008.37,998.208,0.506,1.305
P11,670,67000,pedestrian/bicycle,1008.42,998.34,0.508,1.322
P11,671,67100,pedestrian/bicycle,1008.472,998.472,0.518,1.335
P11,672,67200,pedestrian/bicycle,1008.524,998.606,0.528,1.345
P11,673,67300,pedestrian/bicycle,1008.577,998.742,0.535,1.355
P11,674,67400,pedestrian/bicycle,1008.631,998.877,0.536,1.361
P11,675,67500,pedestrian/bicycle,1008.684,999.014,0.529,1.363
P11,676,67600,pedestrian/bicycle,1008.736,999.15,0.508,1.369
P11,677,67700,pedestrian/bicycle,1008.785,999.288,0.475,1.387
P11,678,67800,pedestrian/bicycle,1008.83,999.428,0.431,1.413
P11,679,67900,pedestrian/bicycle,1008.871,999.57,0.381,1.438
P11,680,68000,pedestrian/bicycle,1008.906,999.715,0.329,1.456
P11,681,68100,pedestrian/bicycle,1008.937,999.862,0.279,1.472
P11,682,68200,pedestrian/bicycle,1008.963,1000.01,0.235,1.488
P11,683,68300,pedestrian/bicycle,1008.984,1000.159,0.202,1.505
P11,684,68400,pedestrian/bicycle,1009.003,1000.31,0.178,1.515
P11,685,68500,pedestrian/bicycle,1009.02,1000.462,0.161,1.515
P11,686,68600,pedestrian/bicycle,1009.036,1000.613,0.146,1.511
P11,687,68700,pedestrian/bicycle,1009.049,1000.764,0.129,1.509
P11,688,68800,pedestrian/bicycle,1009.061,1000.915,0.11,1.51
P11,689,68900,pedestrian/bicycle,1009.071,1001.066,0.087,1.51
P11,690,69000,pedestrian/bicycle,1009.079,1001.217,0.061,1.508
P11,691,69100,pedestrian/bicycle,1009.083,1001.367,0.035,1.503
P11,692,69200,pedestrian/bicycle,1009.086,1001.517,0.011,1.501
P11,693,69300,pedestrian/bicycle,1009.086,1001.668,-0.011,1.502
P11,694,69400,pedestrian/bicycle,1009.084,1001.818,-0.03,1.501
P11,695,69500,pedestrian/bicycle,1009.08,1001.968,-0.048,1.495
P11,696,69600,pedestrian/bicycle,1009.074,1002.117,-0.061,1.486
P11,697,69700,pedestrian/bicycle,1009.068,1002.265,-0.071,1.48
P11,698,69800,pedestrian/bicycle,1009.06,1002.413,-0.079,1.479
P11,699,69900,pedestrian/bicycle,1009.052,1002.561,-0.08,1.482
P11,700,70000,pedestrian/bicycle,1009.045,1002.709,-0.076,1.482
P11,701,70100,pedestrian/bicycle,1009.037,1002.857,-0.07,1.483
P11,702,70200,pedestrian/bicycle,1009.031,1003.006,-0.064,1.488
P11,703,70300,pedestrian/bicycle,1009.024,1003.155,-0.062,1.501
P11,704,70400,pedestrian/bicycle,1009.018,1003.306,-0.069,1.518
P11,705,70500,pedestrian/bicycle,1009.01,1003.459,-0.084,1.531
P11,706,70600,pedestrian/bicycle,1009.001,1003.612,-0.102,1.537
P11,707,70700,pedestrian/bicycle,1008.99,1003.766,-0.121,1.542
P11,708,70800,pedestrian/bicycle,1008.977,1003.921,-0.139,1.55
P11,709,70900,pedestrian/bicycle,1008.962,1004.076,-0.156,1.558
P11,710,71000,pedestrian/bicycle,1008.946,1004.232,-0.166,1.562
P11,711,71100,pedestrian/bicycle,1008.929,1004.388,-0.168,1.554
P11,712,71200,pedestrian/bicycle,1008.913,1004.542,-0.164,1.539
P11,713,71300,pedestrian/bicycle,1008.896,1004.696,-0.158,1.523
P11,714,71400,pedestrian/bicycle,1008.881,1004.847,-0.15,1.51
P11,715,71500,pedestrian/bicycle,1008.866,1004.998,-0.142,1.5
P11,716,71600,pedestrian/bicycle,1008.853,1005.147,-0.13,1.492
P11,717,71700,pedestrian/bicycle,1008.84,1005.296,-0.116,1.486
P11,718,71800,pedestrian/bicycle,1008.83,1005.445,-0.101,1.488
P11,719,71900,pedestrian/bicycle,1008.82,1005.594,-0.088,1.499
P11,720,72000,pedestrian/bicycle,1008.812,1005.745,-0.079,1.516
P11,721,72100,pedestrian/bicycle,1008.804,1005.897,-0.072,1.533
P11,722,72200,pedestrian/bicycle,1008.797,1006.051,-0.065,1.546
P11,723,72300,pedestrian/bicycle,1008.792,1006.207,-0.053,1.559
P11,724,72400,pedestrian/bicycle,1008.787,1006.363,-0.033,1.574
P11,725,72500,pedestrian/bicycle,1008.785,1006.521,-0.01,1.587
P11,726,72600,pedestrian/bicycle,1008.785,1006.68,0.01,1.59
P11,727,72700,pedestrian/bicycle,1008.787,1006.839,0.026,1.583
P11,728,72800,pedestrian/bicycle,1008.79,1006.996,0.039,1.571
P11,729,72900,pedestrian/bicycle,1008.794,1007.153,0.05,1.562
P11,730,73000,pedestrian/bicycle,1008.8,1007.309,0.06,1.558
P11,731,73100,pedestrian/bicycle,1008.806,1007.465,0.065,1.554
P11,732,73200,pedestrian/bicycle,1008.813,1007.62,0.068,1.545
P11,733,73300,pedestrian/bicycle,1008.82,1007.774,0.07,1.535
P11,734,73400,pedestrian/bicycle,1008.827,1007.927,0.074,1.531
P11,735,73500,pedestrian/bicycle,1008.834,1008.08,0.076,1.534
P11,736,73600,pedestrian/bicycle,1008.842,1008.234,0.076,1.54
P11,737,73700,pedestrian/bicycle,1008.85,1008.388,0.075,1.543
P11,738,73800,pedestrian/bicycle,1008.857,1008.542,0.072,1.544
P11,739,73900,pedestrian/bicycle,1008.864,1008.697,0.069,1.548
P11,740,74000,pedestrian/bicycle,1008.871,1008.852,0.067,1.555
P11,741,74100,pedestrian/bicycle,1008.878,1009.008,0.066,1.564
P11,742,74200,pedestrian/bicycle,1008.884,1009.165,0.065,1.569
P11,743,74300,pedestrian/bicycle,1008.891,1009.321,0.065,1.568
P11,744,74400,pedestrian/bicycle,1008.897,1009.478,0.067,1.563
P11,745,74500,pedestrian/bicycle,1008.904,1009.634,0.07,1.56
P11,746,74600,pedestrian/bicycle,1008.911,1009.79,0.074,1.556
P11,747,74700,pedestrian/bicycle,1008.919,1009.945,0.079,1.55
P11,748,74800,pedestrian/bicycle,1008.927,1010.1,0.084,1.544
P11,749,74900,pedestrian/bicycle,1008.936,1010.254,0.09,1.543
P11,750,75000,pedestrian/bicycle,1008.945,1010.409,0.095,1.548
P11,751,75100,pedestrian/bicycle,1008.955,1010.564,0.101,1.554
P11,752,75200,pedestrian/bicycle,1008.965,1010.719,0.11,1.558
P11,753,75300,pedestrian/bicycle,1008.977,1010.875,0.12,1.56
P11,754,75400,pedestrian/bicycle,1008.989,1011.031,0.128,1.561
P11,755,75500,pedestrian/bicycle,1009.002,1011.188,0.133,1.563
P11,756,75600,pedestrian/bicycle,1009.016,1011.344,0.132,1.566
P11,757,75700,pedestrian/bicycle,1009.029,1011.501,0.129,1.565
P11,758,75800,pedestrian/bicycle,1009.041,1011.657,0.125,1.558
P11,759,75900,pedestrian/bicycle,1009.054,1011.812,0.124,1.549
P11,760,76000,pedestrian/bicycle,1009.066,1011.967,0.129,1.542
P11,761,76100,pedestrian/bicycle,1009.08,1012.121,0.141,1.538
P11,762,76200,pedestrian/bicycle,1009.095,1012.274,0.155,1.535
P11,763,76300,pedestrian/bicycle,1009.111,1012.427,0.166,1.527
P11,764,76400,pedestrian/bicycle,1009.128,1012.58,0.176,1.517
P11,765,76500,pedestrian/bicycle,1009.146,1012.731,0.187,1.509
P11,766,76600,pedestrian/bicycle,1009.166,1012.882,0.202,1.51
P11,767,76700,pedestrian/bicycle,1009.187,1013.033,0.22,1.516
P11,768,76800,pedestrian/bicycle,1009.21,1013.185,0.242,1.52
P11,769,76900,pedestrian/bicycle,1009.235,1013.337,0.266,1.52
P11,770,77000,pedestrian/bicycle,1009.263,1013.489,0.288,1.522
P11,771,77100,pedestrian/bicycle,1009.292,1013.641,0.304,1.527
P11,772,77200,pedestrian/bicycle,1009.323,1013.794,0.312,1.531
P11,773,77300,pedestrian/bicycle,1009.355,1013.947,0.317,1.527
P11,774,77400,pedestrian/bicycle,1009.387,1014.099,0.319,1.517
P11,775,77500,pedestrian/bicycle,1009.419,1014.251,0.322,1.507
P11,776,77600,pedestrian/bicycle,1009.451,1014.401,0.325,1.504
P11,777,77700,pedestrian/bicycle,1009.483,1014.552,0.324,1.507
P11,778,77800,pedestrian/bicycle,1009.515,1014.703,0.317,1.512
P11,779,77900,pedestrian/bicycle,1009.547,1014.854,0.307,1.516
P11,780,78000,pedestrian/bicycle,1009.577,1015.006,0.297,1.52
P11,781,78100,pedestrian/bicycle,1009.606,1015.158,0.283,1.531
P11,782,78200,pedestrian/bicycle,1009.633,1015.312,0.267,1.549
P11,783,78300,pedestrian/bicycle,1009.659,1015.468,0.25,1.57
P11,784,78400,pedestrian/bicycle,1009.683,1015.626,0.23,1.589
P11,785,78500,pedestrian/bicycle,1009.705,1015.786,0.209,1.604
P11,786,78600,pedestrian/bicycle,1009.725,1015.947,0.191,1.619
P11,787,78700,pedestrian/bicycle,1009.743,1016.11,0.175,1.638
P11,788,78800,pedestrian/bicycle,1009.76,1016.275,0.164,1.654
P11,789,78900,pedestrian/bicycle,1009.776,1016.44,0.155,1.661
P11,790,79000,pedestrian/bicycle,1009.791,1016.606,0.148,1.661
P11,791,79100,pedestrian/bicycle,1009.806,1016.772,0.141,1.658
P11,792,79200,pedestrian/bicycle,1009.819,1016.938,0.133,1.656
P11,793,79300,pedestrian/bicycle,1009.833,1017.104,0.128,1.657
P11,794,79400,pedestrian/bicycle,1009.845,1017.27,0.128,1.659
P11,795,79500,pedestrian/bicycle,1009.858,1017.436,0.13,1.662
P11,796,79600,pedestrian/bicycle,1009.871,1017.602,0.133,1.668
P11,797,79700,pedestrian/bicycle,1009.885,1017.769,0.137,1.677
P11,798,79800,pedestrian/bicycle,1009.899,1017.937,0.141,1.685
P11,799,79900,pedestrian/bicycle,1009.913,1018.106,0.145,1.688
P11,800,80000,pedestrian/bicycle,1009.928,1018.275,0.147,1.684
P11,801,80100,pedestrian/bicycle,1009.942,1018.443,0.143,1.674
P11,802,80200,pedestrian/bicycle,1009.956,1018.609,0.135,1.659
P11,803,80300,pedestrian/bicycle,1009.969,1018.774,0.125,1.643
P11,804,80400,pedestrian/bicycle,1009.981,1018.938,0.115,1.629
P11,805,80500,pedestrian/bicycle,1009.992,1019.1,0.107,1.619
P11,806,80600,pedestrian/bicycle,1010.003,1019.262,0.1,1.616
P11,807,80700,pedestrian/bicycle,1010.013,1019.424,0.097,1.622
P11,808,80800,pedestrian/bicycle,1010.022,1019.587,0.096,1.632
P11,809,80900,pedestrian/bicycle,1010.032,1019.751,0.097,1.645
P11,810,81000,pedestrian/bicycle,1010.042,1019.915,0.099,1.654
P11,811,81100,pedestrian/bicycle,1010.052,1020.081,0.102,1.66
P11,812,81200,pedestrian/bicycle,1010.062,1020.248,0.108,1.667
P11,813,81300,pedestrian/bicycle,1010.074,1020.415,0.117,1.676
P11,814,81400,pedestrian/bicycle,1010.086,1020.583,0.129,1.685
P11,815,81500,pedestrian/bicycle,1010.099,1020.752,0.139,1.691
P11,816,81600,pedestrian/bicycle,1010.114,1020.921,0.149,1.695
P11,817,81700,pedestrian/bicycle,1010.129,1021.091,0.157,1.7
P11,818,81800,pedestrian/bicycle,1010.145,1021.261,0.163,1.71
P11,819,81900,pedestrian/bicycle,1010.162,1021.433,0.168,1.724
P11,820,82000,pedestrian/bicycle,1010.178,1021.606,0.17,1.74
P11,821,82100,pedestrian/bicycle,1010.195,1021.781,0.17,1.755
P11,822,82200,pedestrian/bicycle,1010.212,1021.957,0.166,1.771
P11,823,82300,pedestrian/bicycle,1010.229,1022.135,0.159,1.79
P11,824,82400,pedestrian/bicycle,1010.244,1022.315,0.151,1.807
P11,825,82500,pedestrian/bicycle,1010.259,1022.496,0.144,1.816
P11,826,82600,pedestrian/bicycle,1010.273,1022.678,0.139,1.817
P11,827,82700,pedestrian/bicycle,1010.287,1022.859,0.138,1.815
P11,828,82800,pedestrian/bicycle,1010.301,1023.041,0.14,1.813
P11,829,82900,pedestrian/bicycle,1010.315,1023.222,0.145,1.811
P11,830,83000,pedestrian/bicycle,1010.33,1023.403,0.151,1.807
P11,831,83100,pedestrian/bicycle,1010.345,1023.583,0.157,1.8
P11,832,83200,pedestrian/bicycle,1010.361,1023.763,0.161,1.794
P11,833,83300,pedestrian/bicycle,1010.377,1023.942,0.162,1.791
P12,677,67700,pedestrian/bicycle,994.195,985.853,-1.705,0.727
P12,678,67800,pedestrian/bicycle,994.027,985.923,-1.663,0.661
P12,679,67900,pedestrian/bicycle,993.863,985.986,-1.619,0.599
P12,680,68000,pedestrian/bicycle,993.703,986.043,-1.576,0.543
P12,681,68100,pedestrian/bicycle,993.547,986.095,-1.538,0.501
P12,682,68200,pedestrian/bicycle,993.395,986.144,-1.505,0.479
P12,683,68300,pedestrian/bicycle,993.246,986.191,-1.474,0.472
P12,684,68400,pedestrian/bicycle,993.1,986.239,-1.452,0.482
P12,685,68500,pedestrian/bicycle,992.955,986.289,-1.441,0.508
P12,686,68600,pedestrian/bicycle,992.812,986.341,-1.434,0.547
P12,687,68700,pedestrian/bicycle,992.669,986.399,-1.425,0.594
P12,688,68800,pedestrian/bicycle,992.527,986.46,-1.416,0.644
P12,689,68900,pedestrian/bicycle,992.385,986.527,-1.412,0.693
P12,690,69000,pedestrian/bicycle,992.244,986.599,-1.412,0.737
P12,691,69100,pedestrian/bicycle,992.103,986.674,-1.406,0.765
P12,692,69200,pedestrian/bicycle,991.963,986.751,-1.389,0.774
P12,693,69300,pedestrian/bicycle,991.826,986.828,-1.365,0.769
P12,694,69400,pedestrian/bicycle,991.691,986.904,-1.338,0.756
P12,695,69500,pedestrian/bicycle,991.558,986.979,-1.315,0.738
P12,696,69600,pedestrian/bicycle,991.427,987.052,-1.304,0.72
P12,697,69700,pedestrian/bicycle,991.296,987.123,-1.31,0.704
P12,698,69800,pedestrian/bicycle,991.164,987.193,-1.33,0.69
P12,699,69900,pedestrian/bicycle,991.03,987.261,-1.35,0.672
P12,700,70000,pedestrian/bicycle,990.894,987.327,-1.367,0.649
P12,701,70100,pedestrian/bicycle,990.757,987.39,-1.388,0.624
P12,702,70200,pedestrian/bicycle,990.617,987.452,-1.414,0.601
P12,703,70300,pedestrian/bicycle,990.474,987.511,-1.445,0.585
P12,704,70400,pedestrian/bicycle,990.328,987.569,-1.464,0.578
P12,705,70500,pedestrian/bicycle,990.182,987.627,-1.465,0.58
P12,706,70600,pedestrian/bicycle,990.036,987.686,-1.456,0.59
P12,707,70700,pedestrian/bicycle,989.891,987.745,-1.447,0.605
P12,708,70800,pedestrian/bicycle,989.746,987.807,-1.437,0.623
P12,709,70900,pedestrian/bicycle,989.603,987.87,-1.428,0.636
P12,710,71000,pedestrian/bicycle,989.461,987.933,-1.421,0.631
P12,711,71100,pedestrian/bicycle,989.319,987.995,-1.416,0.607
P12,712,71200,pedestrian/bicycle,989.177,988.054,-1.415,0.572
P12,713,71300,pedestrian/bicycle,989.036,988.109,-1.42,0.535
P12,714,71400,pedestrian/bicycle,988.893,988.161,-1.427,0.502
P12,715,71500,pedestrian/bicycle,988.75,988.21,-1.437,0.475
P12,716,71600,pedestrian/bicycle,988.606,988.256,-1.447,0.455
P12,717,71700,pedestrian/bicycle,988.461,988.301,-1.453,0.439
P12,718,71800,pedestrian/bicycle,988.315,988.345,-1.455,0.429
P12,719,71900,pedestrian/bicycle,988.17,988.387,-1.454,0.427
P12,720,72000,pedestrian/bicycle,988.024,988.43,-1.457,0.432
P12,721,72100,pedestrian/bicycle,987.878,988.474,-1.462,0.439
P12,722,72200,pedestrian/bicycle,987.732,988.518,-1.472,0.444
P12,723,72300,pedestrian/bicycle,987.584,988.563,-1.489,0.448
P12,724,72400,pedestrian/bicycle,987.433,988.608,-1.513,0.454
P12,725,72500,pedestrian/bicycle,987.281,988.654,-1.533,0.46
P12,726,72600,pedestrian/bicycle,987.127,988.7,-1.542,0.463
P12,727,72700,pedestrian/bicycle,986.973,988.746,-1.538,0.462
P12,728,72800,pedestrian/bicycle,986.82,988.792,-1.524,0.457
P12,729,72900,pedestrian/bicycle,986.669,988.837,-1.5,0.454
P12,730,73000,pedestrian/bicycle,986.52,988.883,-1.472,0.455
P12,731,73100,pedestrian/bicycle,986.374,988.929,-1.448,0.463
P12,732,73200,pedestrian/bicycle,986.231,988.976,-1.429,0.473
P12,733,73300,pedestrian/bicycle,986.088,989.023,-1.416,0.484
P12,734,73400,pedestrian/bicycle,985.947,989.072,-1.409,0.493
P12,735,73500,pedestrian/bicycle,985.806,989.122,-1.408,0.498
P12,736,73600,pedestrian/bicycle,985.666,989.172,-1.407,0.502
P12,737,73700,pedestrian/bicycle,985.525,989.222,-1.405,0.503
P12,738,73800,pedestrian/bicycle,985.385,989.272,-1.399,0.496
P12,739,73900,pedestrian/bicycle,985.245,989.321,-1.392,0.479
P12,740,74000,pedestrian/bicycle,985.106,989.367,-1.39,0.454
P12,741,74100,pedestrian/bicycle,984.967,989.411,-1.393,0.425
P12,742,74200,pedestrian/bicycle,984.827,989.452,-1.398,0.392
P12,743,74300,pedestrian/bicycle,984.687,989.489,-1.402,0.353
P12,744,74400,pedestrian/bicycle,984.547,989.523,-1.405,0.316
P12,745,74500,pedestrian/bicycle,984.407,989.553,-1.407,0.286
P12,746,74600,pedestrian/bicycle,984.266,989.581,-1.405,0.265
P12,747,74700,pedestrian/bicycle,984.126,989.606,-1.399,0.253
P12,748,74800,pedestrian/bicycle,983.986,989.632,-1.393,0.251
P12,749,74900,pedestrian/bicycle,983.847,989.657,-1.388,0.258
P12,750,75000,pedestrian/bicycle,983.708,989.684,-1.387,0.272
P12,751,75100,pedestrian/bicycle,983.57,989.712,-1.385,0.292
P12,752,75200,pedestrian/bicycle,983.431,989.742,-1.38,0.315
P12,753,75300,pedestrian/bicycle,983.294,989.775,-1.374,0.337
P12,754,75400,pedestrian/bicycle,983.156,989.809,-1.37,0.353
P12,755,75500,pedestrian/bicycle,983.019,989.845,-1.372,0.365
P12,756,75600,pedestrian/bicycle,982.882,989.882,-1.379,0.372
P12,757,75700,pedestrian/bicycle,982.743,989.919,-1.388,0.376
P12,758,75800,pedestrian/bicycle,982.604,989.957,-1.398,0.379
P12,759,75900,pedestrian/bicycle,982.464,989.995,-1.408,0.384
P12,760,76000,pedestrian/bicycle,982.322,990.034,-1.422,0.389
P12,761,76100,pedestrian/bicycle,982.179,990.073,-1.438,0.391
P12,762,76200,pedestrian/bicycle,982.035,990.112,-1.451,0.392
P12,763,76300,pedestrian/bicycle,981.89,990.151,-1.453,0.385
P12,764,76400,pedestrian/bicycle,981.745,990.188,-1.443,0.364
P12,765,76500,pedestrian/bicycle,981.601,990.223,-1.429,0.336
P12,766,76600,pedestrian/bicycle,981.459,990.255,-1.417,0.305
P12,767,76700,pedestrian/bicycle,981.318,990.284,-1.409,0.275
P12,768,76800,pedestrian/bicycle,981.177,990.31,-1.4,0.246
P12,769,76900,pedestrian/bicycle,981.038,990.333,-1.391,0.216
P12,770,77000,pedestrian/bicycle,980.899,990.354,-1.38,0.188
P12,771,77100,pedestrian/bicycle,980.762,990.371,-1.369,0.162
P12,772,77200,pedestrian/bicycle,980.625,990.386,-1.355,0.141
P12,773,77300,pedestrian/bicycle,980.491,990.4,-1.334,0.124
P12,774,77400,pedestrian/bicycle,980.359,990.411,-1.301,0.11
P12,775,77500,pedestrian/bicycle,980.231,990.422,-1.258,0.099
P12,776,77600,pedestrian/bicycle,980.107,990.431,-1.216,0.088
P12,777,77700,pedestrian/bicycle,979.988,990.439,-1.18,0.08
P12,778,77800,pedestrian/bicycle,979.871,990.447,-1.152,0.078
P12,779,77900,pedestrian/bicycle,979.757,990.455,-1.129,0.082
P12,780,78000,pedestrian/bicycle,979.645,990.464,-1.112,0.089
P12,781,78100,pedestrian/bicycle,979.535,990.473,-1.101,0.098
P12,782,78200,pedestrian/bicycle,979.425,990.484,-1.098,0.113
P12,783,78300,pedestrian/bicycle,979.314,990.496,-1.105,0.133
P12,784,78400,pedestrian/bicycle,979.203,990.511,-1.116,0.162
P12,785,78500,pedestrian/bicycle,979.091,990.529,-1.125,0.195
P12,786,78600,pedestrian/bicycle,978.979,990.55,-1.129,0.229
P12,787,78700,pedestrian/bicycle,978.866,990.575,-1.126,0.265
P12,788,78800,pedestrian/bicycle,978.754,990.603,-1.12,0.306
P12,789,78900,pedestrian/bicycle,978.642,990.636,-1.111,0.353
P12,790,79000,pedestrian/bicycle,978.532,990.674,-1.096,0.405
P12,791,79100,pedestrian/bicycle,978.423,990.717,-1.073,0.457
P12,792,79200,pedestrian/bicycle,978.317,990.766,-1.041,0.507
P12,793,79300,pedestrian/bicycle,978.215,990.818,-1.004,0.549
P12,794,79400,pedestrian/bicycle,978.117,990.875,-0.963,0.587
P12,795,79500,pedestrian/bicycle,978.023,990.936,-0.92,0.627
P12,796,79600,pedestrian/bicycle,977.933,991.001,-0.875,0.671
P12,797,79700,pedestrian/bicycle,977.848,991.07,-0.828,0.717
P12,798,79800,pedestrian/bicycle,977.767,991.144,-0.781,0.757
P12,799,79900,pedestrian/bicycle,977.691,991.221,-0.737,0.784
P12,800,80000,pedestrian/bicycle,977.62,991.3,-0.695,0.798
P12,801,80100,pedestrian/bicycle,977.552,991.38,-0.655,0.806
P12,802,80200,pedestrian/bicycle,977.489,991.461,-0.615,0.812
P12,803,80300,pedestrian/bicycle,977.429,991.543,-0.577,0.819
P12,804,80400,pedestrian/bicycle,977.373,991.625,-0.544,0.828
P12,805,80500,pedestrian/bicycle,977.32,991.708,-0.519,0.834
P12,806,80600,pedestrian/bicycle,977.269,991.792,-0.502,0.836
P12,807,80700,pedestrian/bicycle,977.219,991.875,-0.491,0.836
P12,808,80800,pedestrian/bicycle,977.171,991.959,-0.484,0.835
P12,809,80900,pedestrian/bicycle,977.122,992.042,-0.48,0.831
P12,810,81000,pedestrian/bicycle,977.074,992.125,-0.48,0.818
P12,811,81100,pedestrian/bicycle,977.026,992.205,-0.479,0.794
P12,812,81200,pedestrian/bicycle,976.978,992.283,-0.479,0.76
P12,813,81300,pedestrian/bicycle,976.93,992.357,-0.48,0.723
P12,814,81400,pedestrian/bicycle,976.882,992.428,-0.484,0.691
P12,815,81500,pedestrian/bicycle,976.834,992.496,-0.49,0.665
P12,816,81600,pedestrian/bicycle,976.784,992.561,-0.496,0.645
P12,817,81700,pedestrian/bicycle,976.734,992.625,-0.505,0.627
P12,818,81800,pedestrian/bicycle,976.683,992.686,-0.519,0.608
P12,819,81900,pedestrian/bicycle,976.63,992.746,-0.538,0.587
P12,820,82000,pedestrian/bicycle,976.575,992.804,-0.557,0.564
P12,821,82100,pedestrian/bicycle,976.519,992.859,-0.575,0.54
P12,822,82200,pedestrian/bicycle,976.461,992.912,-0.588,0.518
P12,823,82300,pedestrian/bicycle,976.401,992.963,-0.595,0.499
P12,824,82400,pedestrian/bicycle,976.342,993.011,-0.595,0.477
P12,825,82500,pedestrian/bicycle,976.283,993.058,-0.585,0.451
P12,826,82600,pedestrian/bicycle,976.225,993.101,-0.569,0.419
P12,827,82700,pedestrian/bicycle,976.169,993.142,-0.554,0.386
P12,828,82800,pedestrian/bicycle,976.114,993.179,-0.543,0.355
P12,829,82900,pedestrian/bicycle,976.06,993.213,-0.534,0.328
P12,830,83000,pedestrian/bicycle,976.007,993.245,-0.527,0.308
P12,831,83100,pedestrian/bicycle,975.955,993.275,-0.523,0.297
P12,832,83200,pedestrian/bicycle,975.903,993.304,-0.523,0.294
P12,833,83300,pedestrian/bicycle,975.85,993.334,-0.524,0.293
